dataset,scene_name,start_time,stop_time,url,browse_url,file_name,bytes,path_number,frame_number,flight_direction,orbit
SENTINEL1_SLC,S1A_IW_RAW__0SDV_20250128T230749_20250128T230821_057651_071ABD_F4B9,2025-01-28 23:07:49+00:00,2025-01-28 23:08:21+00:00,https://datapool.asf.alaska.edu/METADATA_RAW/SA/S1A_IW_RAW__0SDV_20250128T230749_20250128T230821_057651_071ABD_F4B9.iso.xml,,S1A_IW_RAW__0SDV_20250128T230749_20250128T230821_057651_071ABD_F4B9.iso.xml,41599,4,130,ASCENDING,57651
SENTINEL1_SLC,S1A_IW_RAW__0SDV_20250128T230749_20250128T230821_057651_071ABD_F4B9,2025-01-28 23:07:49+00:00,2025-01-28 23:08:21+00:00,https://datapool.asf.alaska.edu/RAW/SA/S1A_IW_RAW__0SDV_20250128T230749_20250128T230821_057651_071ABD_F4B9.zip,,S1A_IW_RAW__0SDV_20250128T230749_20250128T230821_057651_071ABD_F4B9.zip,1593397279,4,130,ASCENDING,57651
SENTINEL1_SLC,S1A_IW_SLC__1SDV_20250128T230751_20250128T230818_057651_071ABD_42D9,2025-01-28 23:07:51+00:00,2025-01-28 23:08:18+00:00,https://datapool.asf.alaska.edu/METADATA_SLC/SA/S1A_IW_SLC__1SDV_20250128T230751_20250128T230818_057651_071ABD_42D9.iso.xml,,S1A_IW_SLC__1SDV_20250128T230751_20250128T230818_057651_071ABD_42D9.iso.xml,68090,4,130,ASCENDING,57651
SENTINEL1_SLC,S1A_IW_SLC__1SDV_20250128T230751_20250128T230818_057651_071ABD_42D9,2025-01-28 23:07:51+00:00,2025-01-28 23:08:18+00:00,https://datapool.asf.alaska.edu/SLC/SA/S1A_IW_SLC__1SDV_20250128T230751_20250128T230818_057651_071ABD_42D9.zip,,S1A_IW_SLC__1SDV_20250128T230751_20250128T230818_057651_071ABD_42D9.zip,4667896571,4,130,ASCENDING,57651
SENTINEL1_SLC,S1A_IW_GRDH_1SDV_20250128T230752_20250128T230817_057651_071ABD_F98A,2025-01-28 23:07:52+00:00,2025-01-28 23:08:17+00:00,https://datapool.asf.alaska.edu/GRD_HD/SA/S1A_IW_GRDH_1SDV_20250128T230752_20250128T230817_057651_071ABD_F98A.zip,https://datapool.asf.alaska.edu/BROWSE/SA/S1A_IW_GRDH_1SDV_20250128T230752_20250128T230817_057651_071ABD_F98A.jpg,S1A_IW_GRDH_1SDV_20250128T230752_20250128T230817_057651_071ABD_F98A.zip,998218187,4,130,ASCENDING,57651
SENTINEL1_SLC,S1A_IW_GRDH_1SDV_20250128T230752_20250128T230817_057651_071ABD_F98A,2025-01-28 23:07:52+00:00,2025-01-28 23:08:17+00:00,https://datapool.asf.alaska.edu/METADATA_GRD_HD/SA/S1A_IW_GRDH_1SDV_20250128T230752_20250128T230817_057651_071ABD_F98A.iso.xml,,S1A_IW_GRDH_1SDV_20250128T230752_20250128T230817_057651_071ABD_F98A.iso.xml,59050,4,130,ASCENDING,57651
SENTINEL1_SLC,S1A_IW_RAW__0SDV_20250209T230748_20250209T230821_057826_0721B0_FA2B,2025-02-09 23:07:48+00:00,2025-02-09 23:08:21+00:00,https://datapool.asf.alaska.edu/RAW/SA/S1A_IW_RAW__0SDV_20250209T230748_20250209T230821_057826_0721B0_FA2B.zip,,S1A_IW_RAW__0SDV_20250209T230748_20250209T230821_057826_0721B0_FA2B.zip,1582191042,4,130,ASCENDING,57826
SENTINEL1_SLC,S1A_IW_RAW__0SDV_20250209T230748_20250209T230821_057826_0721B0_FA2B,2025-02-09 23:07:48+00:00,2025-02-09 23:08:21+00:00,https://datapool.asf.alaska.edu/METADATA_RAW/SA/S1A_IW_RAW__0SDV_20250209T230748_20250209T230821_057826_0721B0_FA2B.iso.xml,,S1A_IW_RAW__0SDV_20250209T230748_20250209T230821_057826_0721B0_FA2B.iso.xml,41599,4,130,ASCENDING,57826
SENTINEL1_SLC,S1A_IW_SLC__1SDV_20250209T230751_20250209T230818_057826_0721B0_C58A,2025-02-09 23:07:51+00:00,2025-02-09 23:08:18+00:00,https://datapool.asf.alaska.edu/METADATA_SLC/SA/S1A_IW_SLC__1SDV_20250209T230751_20250209T230818_057826_0721B0_C58A.iso.xml,,S1A_IW_SLC__1SDV_20250209T230751_20250209T230818_057826_0721B0_C58A.iso.xml,68090,4,130,ASCENDING,57826
SENTINEL1_SLC,S1A_IW_SLC__1SDV_20250209T230751_20250209T230818_057826_0721B0_C58A,2025-02-09 23:07:51+00:00,2025-02-09 23:08:18+00:00,https://datapool.asf.alaska.edu/SLC/SA/S1A_IW_SLC__1SDV_20250209T230751_20250209T230818_057826_0721B0_C58A.zip,,S1A_IW_SLC__1SDV_20250209T230751_20250209T230818_057826_0721B0_C58A.zip,4630621469,4,130,ASCENDING,57826
SENTINEL1_SLC,S1A_IW_GRDH_1SDV_20250209T230752_20250209T230817_057826_0721B0_CAC4,2025-02-09 23:07:52+00:00,2025-02-09 23:08:17+00:00,https://datapool.asf.alaska.edu/METADATA_GRD_HD/SA/S1A_IW_GRDH_1SDV_20250209T230752_20250209T230817_057826_0721B0_CAC4.iso.xml,https://datapool.asf.alaska.edu/BROWSE/SA/S1A_IW_GRDH_1SDV_20250209T230752_20250209T230817_057826_0721B0_CAC4.jpg,S1A_IW_GRDH_1SDV_20250209T230752_20250209T230817_057826_0721B0_CAC4.iso.xml,59050,4,130,ASCENDING,57826
SENTINEL1_SLC,S1A_IW_GRDH_1SDV_20250209T230752_20250209T230817_057826_0721B0_CAC4,2025-02-09 23:07:52+00:00,2025-02-09 23:08:17+00:00,https://datapool.asf.alaska.edu/GRD_HD/SA/S1A_IW_GRDH_1SDV_20250209T230752_20250209T230817_057826_0721B0_CAC4.zip,https://datapool.asf.alaska.edu/BROWSE/SA/S1A_IW_GRDH_1SDV_20250209T230752_20250209T230817_057826_0721B0_CAC4.jpg,S1A_IW_GRDH_1SDV_20250209T230752_20250209T230817_057826_0721B0_CAC4.zip,989576339,4,130,ASCENDING,57826
SENTINEL1_SLC,S1A_IW_RAW__0SDV_20250221T230748_20250221T230820_058001_0728CA_894E,2025-02-21 23:07:48+00:00,2025-02-21 23:08:20+00:00,https://datapool.asf.alaska.edu/METADATA_RAW/SA/S1A_IW_RAW__0SDV_20250221T230748_20250221T230820_058001_0728CA_894E.iso.xml,,S1A_IW_RAW__0SDV_20250221T230748_20250221T230820_058001_0728CA_894E.iso.xml,41599,4,130,ASCENDING,58001
SENTINEL1_SLC,S1A_IW_RAW__0SDV_20250221T230748_20250221T230820_058001_0728CA_894E,2025-02-21 23:07:48+00:00,2025-02-21 23:08:20+00:00,https://datapool.asf.alaska.edu/RAW/SA/S1A_IW_RAW__0SDV_20250221T230748_20250221T230820_058001_0728CA_894E.zip,,S1A_IW_RAW__0SDV_20250221T230748_20250221T230820_058001_0728CA_894E.zip,1579320524,4,130,ASCENDING,58001
SENTINEL1_SLC,S1A_IW_SLC__1SDV_20250221T230750_20250221T230817_058001_0728CA_9893,2025-02-21 23:07:50+00:00,2025-02-21 23:08:17+00:00,https://datapool.asf.alaska.edu/METADATA_SLC/SA/S1A_IW_SLC__1SDV_20250221T230750_20250221T230817_058001_0728CA_9893.iso.xml,,S1A_IW_SLC__1SDV_20250221T230750_20250221T230817_058001_0728CA_9893.iso.xml,68090,4,130,ASCENDING,58001
SENTINEL1_SLC,S1A_IW_SLC__1SDV_20250221T230750_20250221T230817_058001_0728CA_9893,2025-02-21 23:07:50+00:00,2025-02-21 23:08:17+00:00,https://datapool.asf.alaska.edu/SLC/SA/S1A_IW_SLC__1SDV_20250221T230750_20250221T230817_058001_0728CA_9893.zip,,S1A_IW_SLC__1SDV_20250221T230750_20250221T230817_058001_0728CA_9893.zip,4605092922,4,130,ASCENDING,58001
SENTINEL1_SLC,S1A_IW_GRDH_1SDV_20250221T230751_20250221T230816_058001_0728CA_8A05,2025-02-21 23:07:51+00:00,2025-02-21 23:08:16+00:00,https://datapool.asf.alaska.edu/GRD_HD/SA/S1A_IW_GRDH_1SDV_20250221T230751_20250221T230816_058001_0728CA_8A05.zip,https://datapool.asf.alaska.edu/BROWSE/SA/S1A_IW_GRDH_1SDV_20250221T230751_20250221T230816_058001_0728CA_8A05.jpg,S1A_IW_GRDH_1SDV_20250221T230751_20250221T230816_058001_0728CA_8A05.zip,980553769,4,130,ASCENDING,58001
SENTINEL1_SLC,S1A_IW_GRDH_1SDV_20250221T230751_20250221T230816_058001_0728CA_8A05,2025-02-21 23:07:51+00:00,2025-02-21 23:08:16+00:00,https://datapool.asf.alaska.edu/METADATA_GRD_HD/SA/S1A_IW_GRDH_1SDV_20250221T230751_20250221T230816_058001_0728CA_8A05.iso.xml,https://datapool.asf.alaska.edu/BROWSE/SA/S1A_IW_GRDH_1SDV_20250221T230751_20250221T230816_058001_0728CA_8A05.jpg,S1A_IW_GRDH_1SDV_20250221T230751_20250221T230816_058001_0728CA_8A05.iso.xml,59050,4,130,ASCENDING,58001
SENTINEL1_SLC,S1A_IW_RAW__0SDV_20250305T230748_20250305T230820_058176_072FFB_69CA,2025-03-05 23:07:48+00:00,2025-03-05 23:08:20+00:00,https://datapool.asf.alaska.edu/RAW/SA/S1A_IW_RAW__0SDV_20250305T230748_20250305T230820_058176_072FFB_69CA.zip,,S1A_IW_RAW__0SDV_20250305T230748_20250305T230820_058176_072FFB_69CA.zip,1672628892,4,130,ASCENDING,58176
SENTINEL1_SLC,S1A_IW_RAW__0SDV_20250305T230748_20250305T230820_058176_072FFB_69CA,2025-03-05 23:07:48+00:00,2025-03-05 23:08:20+00:00,https://datapool.asf.alaska.edu/METADATA_RAW/SA/S1A_IW_RAW__0SDV_20250305T230748_20250305T230820_058176_072FFB_69CA.iso.xml,,S1A_IW_RAW__0SDV_20250305T230748_20250305T230820_058176_072FFB_69CA.iso.xml,41599,4,130,ASCENDING,58176
SENTINEL1_SLC,S1A_IW_SLC__1SDV_20250305T230750_20250305T230817_058176_072FFB_4D08,2025-03-05 23:07:50+00:00,2025-03-05 23:08:17+00:00,https://datapool.asf.alaska.edu/SLC/SA/S1A_IW_SLC__1SDV_20250305T230750_20250305T230817_058176_072FFB_4D08.zip,,S1A_IW_SLC__1SDV_20250305T230750_20250305T230817_058176_072FFB_4D08.zip,4854716014,4,130,ASCENDING,58176
SENTINEL1_SLC,S1A_IW_SLC__1SDV_20250305T230750_20250305T230817_058176_072FFB_4D08,2025-03-05 23:07:50+00:00,2025-03-05 23:08:17+00:00,https://datapool.asf.alaska.edu/METADATA_SLC/SA/S1A_IW_SLC__1SDV_20250305T230750_20250305T230817_058176_072FFB_4D08.iso.xml,,S1A_IW_SLC__1SDV_20250305T230750_20250305T230817_058176_072FFB_4D08.iso.xml,68094,4,130,ASCENDING,58176
SENTINEL1_SLC,S1A_IW_GRDH_1SDV_20250305T230751_20250305T230816_058176_072FFB_A0B8,2025-03-05 23:07:51+00:00,2025-03-05 23:08:16+00:00,https://datapool.asf.alaska.edu/METADATA_GRD_HD/SA/S1A_IW_GRDH_1SDV_20250305T230751_20250305T230816_058176_072FFB_A0B8.iso.xml,,S1A_IW_GRDH_1SDV_20250305T230751_20250305T230816_058176_072FFB_A0B8.iso.xml,59056,4,130,ASCENDING,58176
SENTINEL1_SLC,S1A_IW_GRDH_1SDV_20250305T230751_20250305T230816_058176_072FFB_A0B8,2025-03-05 23:07:51+00:00,2025-03-05 23:08:16+00:00,https://datapool.asf.alaska.edu/GRD_HD/SA/S1A_IW_GRDH_1SDV_20250305T230751_20250305T230816_058176_072FFB_A0B8.zip,https://datapool.asf.alaska.edu/BROWSE/SA/S1A_IW_GRDH_1SDV_20250305T230751_20250305T230816_058176_072FFB_A0B8.jpg,S1A_IW_GRDH_1SDV_20250305T230751_20250305T230816_058176_072FFB_A0B8.zip,1048193991,4,130,ASCENDING,58176
SENTINEL1_SLC,S1A_IW_RAW__0SDV_20250317T230748_20250317T230820_058351_0736E6_F481,2025-03-17 23:07:48+00:00,2025-03-17 23:08:20+00:00,https://datapool.asf.alaska.edu/METADATA_RAW/SA/S1A_IW_RAW__0SDV_20250317T230748_20250317T230820_058351_0736E6_F481.iso.xml,,S1A_IW_RAW__0SDV_20250317T230748_20250317T230820_058351_0736E6_F481.iso.xml,41599,4,130,ASCENDING,58351
SENTINEL1_SLC,S1A_IW_RAW__0SDV_20250317T230748_20250317T230820_058351_0736E6_F481,2025-03-17 23:07:48+00:00,2025-03-17 23:08:20+00:00,https://datapool.asf.alaska.edu/RAW/SA/S1A_IW_RAW__0SDV_20250317T230748_20250317T230820_058351_0736E6_F481.zip,,S1A_IW_RAW__0SDV_20250317T230748_20250317T230820_058351_0736E6_F481.zip,1628393029,4,130,ASCENDING,58351
SENTINEL1_SLC,S1A_IW_SLC__1SDV_20250317T230750_20250317T230817_058351_0736E6_B638,2025-03-17 23:07:50+00:00,2025-03-17 23:08:17+00:00,https://datapool.asf.alaska.edu/METADATA_SLC/SA/S1A_IW_SLC__1SDV_20250317T230750_20250317T230817_058351_0736E6_B638.iso.xml,,S1A_IW_SLC__1SDV_20250317T230750_20250317T230817_058351_0736E6_B638.iso.xml,68096,4,130,ASCENDING,58351
SENTINEL1_SLC,S1A_IW_SLC__1SDV_20250317T230750_20250317T230817_058351_0736E6_B638,2025-03-17 23:07:50+00:00,2025-03-17 23:08:17+00:00,https://datapool.asf.alaska.edu/SLC/SA/S1A_IW_SLC__1SDV_20250317T230750_20250317T230817_058351_0736E6_B638.zip,,S1A_IW_SLC__1SDV_20250317T230750_20250317T230817_058351_0736E6_B638.zip,4775351511,4,130,ASCENDING,58351
SENTINEL1_SLC,S1A_IW_GRDH_1SDV_20250317T230752_20250317T230817_058351_0736E6_E9B7,2025-03-17 23:07:52+00:00,2025-03-17 23:08:17+00:00,https://datapool.asf.alaska.edu/GRD_HD/SA/S1A_IW_GRDH_1SDV_20250317T230752_20250317T230817_058351_0736E6_E9B7.zip,https://datapool.asf.alaska.edu/BROWSE/SA/S1A_IW_GRDH_1SDV_20250317T230752_20250317T230817_058351_0736E6_E9B7.jpg,S1A_IW_GRDH_1SDV_20250317T230752_20250317T230817_058351_0736E6_E9B7.zip,1026215505,4,130,ASCENDING,58351
SENTINEL1_SLC,S1A_IW_GRDH_1SDV_20250317T230752_20250317T230817_058351_0736E6_E9B7,2025-03-17 23:07:52+00:00,2025-03-17 23:08:17+00:00,https://datapool.asf.alaska.edu/METADATA_GRD_HD/SA/S1A_IW_GRDH_1SDV_20250317T230752_20250317T230817_058351_0736E6_E9B7.iso.xml,https://datapool.asf.alaska.edu/BROWSE/SA/S1A_IW_GRDH_1SDV_20250317T230752_20250317T230817_058351_0736E6_E9B7.jpg,S1A_IW_GRDH_1SDV_20250317T230752_20250317T230817_058351_0736E6_E9B7.iso.xml,59056,4,130,ASCENDING,58351
SENTINEL1_SLC,S1A_IW_RAW__0SDV_20250329T230748_20250329T230821_058526_073DE2_C31B,2025-03-29 23:07:48+00:00,2025-03-29 23:08:21+00:00,https://datapool.asf.alaska.edu/RAW/SA/S1A_IW_RAW__0SDV_20250329T230748_20250329T230821_058526_073DE2_C31B.zip,,S1A_IW_RAW__0SDV_20250329T230748_20250329T230821_058526_073DE2_C31B.zip,1656194298,4,130,ASCENDING,58526
SENTINEL1_SLC,S1A_IW_RAW__0SDV_20250329T230748_20250329T230821_058526_073DE2_C31B,2025-03-29 23:07:48+00:00,2025-03-29 23:08:21+00:00,https://datapool.asf.alaska.edu/METADATA_RAW/SA/S1A_IW_RAW__0SDV_20250329T230748_20250329T230821_058526_073DE2_C31B.iso.xml,,S1A_IW_RAW__0SDV_20250329T230748_20250329T230821_058526_073DE2_C31B.iso.xml,41599,4,130,ASCENDING,58526
SENTINEL1_SLC,S1A_IW_SLC__1SDV_20250329T230751_20250329T230818_058526_073DE2_7D2A,2025-03-29 23:07:51+00:00,2025-03-29 23:08:18+00:00,https://datapool.asf.alaska.edu/METADATA_SLC/SA/S1A_IW_SLC__1SDV_20250329T230751_20250329T230818_058526_073DE2_7D2A.iso.xml,,S1A_IW_SLC__1SDV_20250329T230751_20250329T230818_058526_073DE2_7D2A.iso.xml,68098,4,130,ASCENDING,58526
SENTINEL1_SLC,S1A_IW_SLC__1SDV_20250329T230751_20250329T230818_058526_073DE2_7D2A,2025-03-29 23:07:51+00:00,2025-03-29 23:08:18+00:00,https://datapool.asf.alaska.edu/SLC/SA/S1A_IW_SLC__1SDV_20250329T230751_20250329T230818_058526_073DE2_7D2A.zip,,S1A_IW_SLC__1SDV_20250329T230751_20250329T230818_058526_073DE2_7D2A.zip,4820474418,4,130,ASCENDING,58526
SENTINEL1_SLC,S1A_IW_GRDH_1SDV_20250329T230752_20250329T230817_058526_073DE2_20B3,2025-03-29 23:07:52+00:00,2025-03-29 23:08:17+00:00,https://datapool.asf.alaska.edu/METADATA_GRD_HD/SA/S1A_IW_GRDH_1SDV_20250329T230752_20250329T230817_058526_073DE2_20B3.iso.xml,https://datapool.asf.alaska.edu/BROWSE/SA/S1A_IW_GRDH_1SDV_20250329T230752_20250329T230817_058526_073DE2_20B3.jpg,S1A_IW_GRDH_1SDV_20250329T230752_20250329T230817_058526_073DE2_20B3.iso.xml,59056,4,130,ASCENDING,58526
SENTINEL1_SLC,S1A_IW_GRDH_1SDV_20250329T230752_20250329T230817_058526_073DE2_20B3,2025-03-29 23:07:52+00:00,2025-03-29 23:08:17+00:00,https://datapool.asf.alaska.edu/GRD_HD/SA/S1A_IW_GRDH_1SDV_20250329T230752_20250329T230817_058526_073DE2_20B3.zip,https://datapool.asf.alaska.edu/BROWSE/SA/S1A_IW_GRDH_1SDV_20250329T230752_20250329T230817_058526_073DE2_20B3.jpg,S1A_IW_GRDH_1SDV_20250329T230752_20250329T230817_058526_073DE2_20B3.zip,1044521751,4,130,ASCENDING,58526
SENTINEL1_SLC,S1A_IW_RAW__0SDV_20250410T230748_20250410T230821_058701_07450C_7FE8,2025-04-10 23:07:48+00:00,2025-04-10 23:08:21+00:00,https://datapool.asf.alaska.edu/METADATA_RAW/SA/S1A_IW_RAW__0SDV_20250410T230748_20250410T230821_058701_07450C_7FE8.iso.xml,,S1A_IW_RAW__0SDV_20250410T230748_20250410T230821_058701_07450C_7FE8.iso.xml,41599,4,130,ASCENDING,58701
SENTINEL1_SLC,S1A_IW_RAW__0SDV_20250410T230748_20250410T230821_058701_07450C_7FE8,2025-04-10 23:07:48+00:00,2025-04-10 23:08:21+00:00,https://datapool.asf.alaska.edu/RAW/SA/S1A_IW_RAW__0SDV_20250410T230748_20250410T230821_058701_07450C_7FE8.zip,,S1A_IW_RAW__0SDV_20250410T230748_20250410T230821_058701_07450C_7FE8.zip,1671545635,4,130,ASCENDING,58701
SENTINEL1_SLC,S1A_IW_SLC__1SDV_20250410T230751_20250410T230818_058701_07450C_285E,2025-04-10 23:07:51+00:00,2025-04-10 23:08:18+00:00,https://datapool.asf.alaska.edu/METADATA_SLC/SA/S1A_IW_SLC__1SDV_20250410T230751_20250410T230818_058701_07450C_285E.iso.xml,,S1A_IW_SLC__1SDV_20250410T230751_20250410T230818_058701_07450C_285E.iso.xml,68093,4,130,ASCENDING,58701
SENTINEL1_SLC,S1A_IW_SLC__1SDV_20250410T230751_20250410T230818_058701_07450C_285E,2025-04-10 23:07:51+00:00,2025-04-10 23:08:18+00:00,https://datapool.asf.alaska.edu/SLC/SA/S1A_IW_SLC__1SDV_20250410T230751_20250410T230818_058701_07450C_285E.zip,,S1A_IW_SLC__1SDV_20250410T230751_20250410T230818_058701_07450C_285E.zip,4845851762,4,130,ASCENDING,58701
SENTINEL1_SLC,S1A_IW_GRDH_1SDV_20250410T230752_20250410T230817_058701_07450C_63F7,2025-04-10 23:07:52+00:00,2025-04-10 23:08:17+00:00,https://datapool.asf.alaska.edu/GRD_HD/SA/S1A_IW_GRDH_1SDV_20250410T230752_20250410T230817_058701_07450C_63F7.zip,https://datapool.asf.alaska.edu/BROWSE/SA/S1A_IW_GRDH_1SDV_20250410T230752_20250410T230817_058701_07450C_63F7.jpg,S1A_IW_GRDH_1SDV_20250410T230752_20250410T230817_058701_07450C_63F7.zip,1049518762,4,130,ASCENDING,58701
SENTINEL1_SLC,S1A_IW_GRDH_1SDV_20250410T230752_20250410T230817_058701_07450C_63F7,2025-04-10 23:07:52+00:00,2025-04-10 23:08:17+00:00,https://datapool.asf.alaska.edu/METADATA_GRD_HD/SA/S1A_IW_GRDH_1SDV_20250410T230752_20250410T230817_058701_07450C_63F7.iso.xml,,S1A_IW_GRDH_1SDV_20250410T230752_20250410T230817_058701_07450C_63F7.iso.xml,59057,4,130,ASCENDING,58701
SENTINEL1_SLC,S1A_IW_RAW__0SDV_20250422T230748_20250422T230821_058876_074C35_D287,2025-04-22 23:07:48+00:00,2025-04-22 23:08:21+00:00,https://datapool.asf.alaska.edu/METADATA_RAW/SA/S1A_IW_RAW__0SDV_20250422T230748_20250422T230821_058876_074C35_D287.iso.xml,,S1A_IW_RAW__0SDV_20250422T230748_20250422T230821_058876_074C35_D287.iso.xml,41599,4,130,ASCENDING,58876
SENTINEL1_SLC,S1A_IW_RAW__0SDV_20250422T230748_20250422T230821_058876_074C35_D287,2025-04-22 23:07:48+00:00,2025-04-22 23:08:21+00:00,https://datapool.asf.alaska.edu/RAW/SA/S1A_IW_RAW__0SDV_20250422T230748_20250422T230821_058876_074C35_D287.zip,,S1A_IW_RAW__0SDV_20250422T230748_20250422T230821_058876_074C35_D287.zip,1662172746,4,130,ASCENDING,58876
SENTINEL1_SLC,S1A_IW_SLC__1SDV_20250422T230751_20250422T230818_058876_074C35_D181,2025-04-22 23:07:51+00:00,2025-04-22 23:08:18+00:00,https://datapool.asf.alaska.edu/SLC/SA/S1A_IW_SLC__1SDV_20250422T230751_20250422T230818_058876_074C35_D181.zip,,S1A_IW_SLC__1SDV_20250422T230751_20250422T230818_058876_074C35_D181.zip,4834346010,4,130,ASCENDING,58876
SENTINEL1_SLC,S1A_IW_SLC__1SDV_20250422T230751_20250422T230818_058876_074C35_D181,2025-04-22 23:07:51+00:00,2025-04-22 23:08:18+00:00,https://datapool.asf.alaska.edu/METADATA_SLC/SA/S1A_IW_SLC__1SDV_20250422T230751_20250422T230818_058876_074C35_D181.iso.xml,,S1A_IW_SLC__1SDV_20250422T230751_20250422T230818_058876_074C35_D181.iso.xml,68093,4,130,ASCENDING,58876
SENTINEL1_SLC,S1A_IW_GRDH_1SDV_20250422T230752_20250422T230817_058876_074C35_7331,2025-04-22 23:07:52+00:00,2025-04-22 23:08:17+00:00,https://datapool.asf.alaska.edu/GRD_HD/SA/S1A_IW_GRDH_1SDV_20250422T230752_20250422T230817_058876_074C35_7331.zip,https://datapool.asf.alaska.edu/BROWSE/SA/S1A_IW_GRDH_1SDV_20250422T230752_20250422T230817_058876_074C35_7331.jpg,S1A_IW_GRDH_1SDV_20250422T230752_20250422T230817_058876_074C35_7331.zip,1049795272,4,130,ASCENDING,58876
SENTINEL1_SLC,S1A_IW_GRDH_1SDV_20250422T230752_20250422T230817_058876_074C35_7331,2025-04-22 23:07:52+00:00,2025-04-22 23:08:17+00:00,https://datapool.asf.alaska.edu/METADATA_GRD_HD/SA/S1A_IW_GRDH_1SDV_20250422T230752_20250422T230817_058876_074C35_7331.iso.xml,,S1A_IW_GRDH_1SDV_20250422T230752_20250422T230817_058876_074C35_7331.iso.xml,59057,4,130,ASCENDING,58876
SENTINEL1_SLC,S1A_IW_RAW__0SDV_20250504T230749_20250504T230821_059051_075335_6951,2025-05-04 23:07:49+00:00,2025-05-04 23:08:21+00:00,https://datapool.asf.alaska.edu/METADATA_RAW/SA/S1A_IW_RAW__0SDV_20250504T230749_20250504T230821_059051_075335_6951.iso.xml,,S1A_IW_RAW__0SDV_20250504T230749_20250504T230821_059051_075335_6951.iso.xml,41599,4,130,ASCENDING,59051
SENTINEL1_SLC,S1A_IW_RAW__0SDV_20250504T230749_20250504T230821_059051_075335_6951,2025-05-04 23:07:49+00:00,2025-05-04 23:08:21+00:00,https://datapool.asf.alaska.edu/RAW/SA/S1A_IW_RAW__0SDV_20250504T230749_20250504T230821_059051_075335_6951.zip,,S1A_IW_RAW__0SDV_20250504T230749_20250504T230821_059051_075335_6951.zip,1684847065,4,130,ASCENDING,59051
SENTINEL1_SLC,S1A_IW_SLC__1SDV_20250504T230751_20250504T230818_059051_075335_68C5,2025-05-04 23:07:51+00:00,2025-05-04 23:08:18+00:00,https://datapool.asf.alaska.edu/METADATA_SLC/SA/S1A_IW_SLC__1SDV_20250504T230751_20250504T230818_059051_075335_68C5.iso.xml,,S1A_IW_SLC__1SDV_20250504T230751_20250504T230818_059051_075335_68C5.iso.xml,68096,4,130,ASCENDING,59051
SENTINEL1_SLC,S1A_IW_SLC__1SDV_20250504T230751_20250504T230818_059051_075335_68C5,2025-05-04 23:07:51+00:00,2025-05-04 23:08:18+00:00,https://datapool.asf.alaska.edu/SLC/SA/S1A_IW_SLC__1SDV_20250504T230751_20250504T230818_059051_075335_68C5.zip,,S1A_IW_SLC__1SDV_20250504T230751_20250504T230818_059051_075335_68C5.zip,4866054420,4,130,ASCENDING,59051
SENTINEL1_SLC,S1A_IW_GRDH_1SDV_20250504T230752_20250504T230817_059051_075335_C999,2025-05-04 23:07:52+00:00,2025-05-04 23:08:17+00:00,https://datapool.asf.alaska.edu/GRD_HD/SA/S1A_IW_GRDH_1SDV_20250504T230752_20250504T230817_059051_075335_C999.zip,https://datapool.asf.alaska.edu/BROWSE/SA/S1A_IW_GRDH_1SDV_20250504T230752_20250504T230817_059051_075335_C999.jpg,S1A_IW_GRDH_1SDV_20250504T230752_20250504T230817_059051_075335_C999.zip,1057191636,4,130,ASCENDING,59051
SENTINEL1_SLC,S1A_IW_GRDH_1SDV_20250504T230752_20250504T230817_059051_075335_C999,2025-05-04 23:07:52+00:00,2025-05-04 23:08:17+00:00,https://datapool.asf.alaska.edu/METADATA_GRD_HD/SA/S1A_IW_GRDH_1SDV_20250504T230752_20250504T230817_059051_075335_C999.iso.xml,,S1A_IW_GRDH_1SDV_20250504T230752_20250504T230817_059051_075335_C999.iso.xml,59057,4,130,ASCENDING,59051
SENTINEL1_SLC,S1A_IW_RAW__0SDV_20250516T230748_20250516T230821_059226_075973_2EE1,2025-05-16 23:07:48+00:00,2025-05-16 23:08:21+00:00,https://datapool.asf.alaska.edu/RAW/SA/S1A_IW_RAW__0SDV_20250516T230748_20250516T230821_059226_075973_2EE1.zip,,S1A_IW_RAW__0SDV_20250516T230748_20250516T230821_059226_075973_2EE1.zip,1661997152,4,130,ASCENDING,59226
SENTINEL1_SLC,S1A_IW_RAW__0SDV_20250516T230748_20250516T230821_059226_075973_2EE1,2025-05-16 23:07:48+00:00,2025-05-16 23:08:21+00:00,https://datapool.asf.alaska.edu/METADATA_RAW/SA/S1A_IW_RAW__0SDV_20250516T230748_20250516T230821_059226_075973_2EE1.iso.xml,,S1A_IW_RAW__0SDV_20250516T230748_20250516T230821_059226_075973_2EE1.iso.xml,41599,4,130,ASCENDING,59226
SENTINEL1_SLC,S1A_IW_SLC__1SDV_20250516T230751_20250516T230818_059226_075973_26EC,2025-05-16 23:07:51+00:00,2025-05-16 23:08:18+00:00,https://datapool.asf.alaska.edu/SLC/SA/S1A_IW_SLC__1SDV_20250516T230751_20250516T230818_059226_075973_26EC.zip,,S1A_IW_SLC__1SDV_20250516T230751_20250516T230818_059226_075973_26EC.zip,4810683895,4,130,ASCENDING,59226
SENTINEL1_SLC,S1A_IW_SLC__1SDV_20250516T230751_20250516T230818_059226_075973_26EC,2025-05-16 23:07:51+00:00,2025-05-16 23:08:18+00:00,https://datapool.asf.alaska.edu/METADATA_SLC/SA/S1A_IW_SLC__1SDV_20250516T230751_20250516T230818_059226_075973_26EC.iso.xml,,S1A_IW_SLC__1SDV_20250516T230751_20250516T230818_059226_075973_26EC.iso.xml,68094,4,130,ASCENDING,59226
SENTINEL1_SLC,S1A_IW_GRDH_1SDV_20250516T230752_20250516T230817_059226_075973_971C,2025-05-16 23:07:52+00:00,2025-05-16 23:08:17+00:00,https://datapool.asf.alaska.edu/METADATA_GRD_HD/SA/S1A_IW_GRDH_1SDV_20250516T230752_20250516T230817_059226_075973_971C.iso.xml,,S1A_IW_GRDH_1SDV_20250516T230752_20250516T230817_059226_075973_971C.iso.xml,59056,4,130,ASCENDING,59226
SENTINEL1_SLC,S1A_IW_GRDH_1SDV_20250516T230752_20250516T230817_059226_075973_971C,2025-05-16 23:07:52+00:00,2025-05-16 23:08:17+00:00,https://datapool.asf.alaska.edu/GRD_HD/SA/S1A_IW_GRDH_1SDV_20250516T230752_20250516T230817_059226_075973_971C.zip,https://datapool.asf.alaska.edu/BROWSE/SA/S1A_IW_GRDH_1SDV_20250516T230752_20250516T230817_059226_075973_971C.jpg,S1A_IW_GRDH_1SDV_20250516T230752_20250516T230817_059226_075973_971C.zip,1042312113,4,130,ASCENDING,59226
SENTINEL1_SLC,S1A_IW_RAW__0SDV_20250609T230747_20250609T230820_059576_076583_4AAB,2025-06-09 23:07:47+00:00,2025-06-09 23:08:20+00:00,https://datapool.asf.alaska.edu/METADATA_RAW/SA/S1A_IW_RAW__0SDV_20250609T230747_20250609T230820_059576_076583_4AAB.iso.xml,,S1A_IW_RAW__0SDV_20250609T230747_20250609T230820_059576_076583_4AAB.iso.xml,41599,4,130,ASCENDING,59576
SENTINEL1_SLC,S1A_IW_RAW__0SDV_20250609T230747_20250609T230820_059576_076583_4AAB,2025-06-09 23:07:47+00:00,2025-06-09 23:08:20+00:00,https://datapool.asf.alaska.edu/RAW/SA/S1A_IW_RAW__0SDV_20250609T230747_20250609T230820_059576_076583_4AAB.zip,,S1A_IW_RAW__0SDV_20250609T230747_20250609T230820_059576_076583_4AAB.zip,1655647545,4,130,ASCENDING,59576
SENTINEL1_SLC,S1A_IW_SLC__1SDV_20250609T230750_20250609T230816_059576_076583_6CFC,2025-06-09 23:07:50+00:00,2025-06-09 23:08:16+00:00,https://datapool.asf.alaska.edu/METADATA_SLC/SA/S1A_IW_SLC__1SDV_20250609T230750_20250609T230816_059576_076583_6CFC.iso.xml,,S1A_IW_SLC__1SDV_20250609T230750_20250609T230816_059576_076583_6CFC.iso.xml,68095,4,130,ASCENDING,59576
SENTINEL1_SLC,S1A_IW_SLC__1SDV_20250609T230750_20250609T230816_059576_076583_6CFC,2025-06-09 23:07:50+00:00,2025-06-09 23:08:16+00:00,https://datapool.asf.alaska.edu/SLC/SA/S1A_IW_SLC__1SDV_20250609T230750_20250609T230816_059576_076583_6CFC.zip,,S1A_IW_SLC__1SDV_20250609T230750_20250609T230816_059576_076583_6CFC.zip,4777992949,4,130,ASCENDING,59576
SENTINEL1_SLC,S1A_IW_GRDH_1SDV_20250609T230751_20250609T230816_059576_076583_63E7,2025-06-09 23:07:51+00:00,2025-06-09 23:08:16+00:00,https://datapool.asf.alaska.edu/GRD_HD/SA/S1A_IW_GRDH_1SDV_20250609T230751_20250609T230816_059576_076583_63E7.zip,https://datapool.asf.alaska.edu/BROWSE/SA/S1A_IW_GRDH_1SDV_20250609T230751_20250609T230816_059576_076583_63E7.jpg,S1A_IW_GRDH_1SDV_20250609T230751_20250609T230816_059576_076583_63E7.zip,1035335184,4,130,ASCENDING,59576
SENTINEL1_SLC,S1A_IW_GRDH_1SDV_20250609T230751_20250609T230816_059576_076583_63E7,2025-06-09 23:07:51+00:00,2025-06-09 23:08:16+00:00,https://datapool.asf.alaska.edu/METADATA_GRD_HD/SA/S1A_IW_GRDH_1SDV_20250609T230751_20250609T230816_059576_076583_63E7.iso.xml,https://datapool.asf.alaska.edu/BROWSE/SA/S1A_IW_GRDH_1SDV_20250609T230751_20250609T230816_059576_076583_63E7.jpg,S1A_IW_GRDH_1SDV_20250609T230751_20250609T230816_059576_076583_63E7.iso.xml,59056,4,130,ASCENDING,59576
SENTINEL1_SLC,S1A_IW_RAW__0SDV_20250621T230746_20250621T230819_059751_076B8E_A653,2025-06-21 23:07:46+00:00,2025-06-21 23:08:19+00:00,https://datapool.asf.alaska.edu/RAW/SA/S1A_IW_RAW__0SDV_20250621T230746_20250621T230819_059751_076B8E_A653.zip,,S1A_IW_RAW__0SDV_20250621T230746_20250621T230819_059751_076B8E_A653.zip,1652734654,4,130,ASCENDING,59751
SENTINEL1_SLC,S1A_IW_RAW__0SDV_20250621T230746_20250621T230819_059751_076B8E_A653,2025-06-21 23:07:46+00:00,2025-06-21 23:08:19+00:00,https://datapool.asf.alaska.edu/METADATA_RAW/SA/S1A_IW_RAW__0SDV_20250621T230746_20250621T230819_059751_076B8E_A653.iso.xml,,S1A_IW_RAW__0SDV_20250621T230746_20250621T230819_059751_076B8E_A653.iso.xml,41599,4,130,ASCENDING,59751
SENTINEL1_SLC,S1A_IW_SLC__1SDV_20250621T230749_20250621T230816_059751_076B8E_0E5A,2025-06-21 23:07:49+00:00,2025-06-21 23:08:16+00:00,https://datapool.asf.alaska.edu/SLC/SA/S1A_IW_SLC__1SDV_20250621T230749_20250621T230816_059751_076B8E_0E5A.zip,,S1A_IW_SLC__1SDV_20250621T230749_20250621T230816_059751_076B8E_0E5A.zip,4786209649,4,130,ASCENDING,59751
SENTINEL1_SLC,S1A_IW_SLC__1SDV_20250621T230749_20250621T230816_059751_076B8E_0E5A,2025-06-21 23:07:49+00:00,2025-06-21 23:08:16+00:00,https://datapool.asf.alaska.edu/METADATA_SLC/SA/S1A_IW_SLC__1SDV_20250621T230749_20250621T230816_059751_076B8E_0E5A.iso.xml,,S1A_IW_SLC__1SDV_20250621T230749_20250621T230816_059751_076B8E_0E5A.iso.xml,68097,4,130,ASCENDING,59751
SENTINEL1_SLC,S1A_IW_GRDH_1SDV_20250621T230750_20250621T230815_059751_076B8E_E5E3,2025-06-21 23:07:50+00:00,2025-06-21 23:08:15+00:00,https://datapool.asf.alaska.edu/METADATA_GRD_HD/SA/S1A_IW_GRDH_1SDV_20250621T230750_20250621T230815_059751_076B8E_E5E3.iso.xml,https://datapool.asf.alaska.edu/BROWSE/SA/S1A_IW_GRDH_1SDV_20250621T230750_20250621T230815_059751_076B8E_E5E3.jpg,S1A_IW_GRDH_1SDV_20250621T230750_20250621T230815_059751_076B8E_E5E3.iso.xml,59056,4,130,ASCENDING,59751
SENTINEL1_SLC,S1A_IW_GRDH_1SDV_20250621T230750_20250621T230815_059751_076B8E_E5E3,2025-06-21 23:07:50+00:00,2025-06-21 23:08:15+00:00,https://datapool.asf.alaska.edu/GRD_HD/SA/S1A_IW_GRDH_1SDV_20250621T230750_20250621T230815_059751_076B8E_E5E3.zip,https://datapool.asf.alaska.edu/BROWSE/SA/S1A_IW_GRDH_1SDV_20250621T230750_20250621T230815_059751_076B8E_E5E3.jpg,S1A_IW_GRDH_1SDV_20250621T230750_20250621T230815_059751_076B8E_E5E3.zip,1034896613,4,130,ASCENDING,59751
SENTINEL1_SLC,S1A_IW_RAW__0SDV_20250727T230745_20250727T230817_060276_077DAE_873C,2025-07-27 23:07:45+00:00,2025-07-27 23:08:17+00:00,https://datapool.asf.alaska.edu/METADATA_RAW/SA/S1A_IW_RAW__0SDV_20250727T230745_20250727T230817_060276_077DAE_873C.iso.xml,,S1A_IW_RAW__0SDV_20250727T230745_20250727T230817_060276_077DAE_873C.iso.xml,41599,4,130,ASCENDING,60276
SENTINEL1_SLC,S1A_IW_RAW__0SDV_20250727T230745_20250727T230817_060276_077DAE_873C,2025-07-27 23:07:45+00:00,2025-07-27 23:08:17+00:00,https://datapool.asf.alaska.edu/RAW/SA/S1A_IW_RAW__0SDV_20250727T230745_20250727T230817_060276_077DAE_873C.zip,,S1A_IW_RAW__0SDV_20250727T230745_20250727T230817_060276_077DAE_873C.zip,1652399473,4,130,ASCENDING,60276
SENTINEL1_SLC,S1A_IW_SLC__1SDV_20250727T230747_20250727T230814_060276_077DAE_C5F1,2025-07-27 23:07:47+00:00,2025-07-27 23:08:14+00:00,https://datapool.asf.alaska.edu/METADATA_SLC/SA/S1A_IW_SLC__1SDV_20250727T230747_20250727T230814_060276_077DAE_C5F1.iso.xml,,S1A_IW_SLC__1SDV_20250727T230747_20250727T230814_060276_077DAE_C5F1.iso.xml,68097,4,130,ASCENDING,60276
SENTINEL1_SLC,S1A_IW_SLC__1SDV_20250727T230747_20250727T230814_060276_077DAE_C5F1,2025-07-27 23:07:47+00:00,2025-07-27 23:08:14+00:00,https://datapool.asf.alaska.edu/SLC/SA/S1A_IW_SLC__1SDV_20250727T230747_20250727T230814_060276_077DAE_C5F1.zip,,S1A_IW_SLC__1SDV_20250727T230747_20250727T230814_060276_077DAE_C5F1.zip,4799387949,4,130,ASCENDING,60276
SENTINEL1_SLC,S1A_IW_GRDH_1SDV_20250727T230749_20250727T230814_060276_077DAE_17FF,2025-07-27 23:07:49+00:00,2025-07-27 23:08:14+00:00,https://datapool.asf.alaska.edu/GRD_HD/SA/S1A_IW_GRDH_1SDV_20250727T230749_20250727T230814_060276_077DAE_17FF.zip,https://datapool.asf.alaska.edu/BROWSE/SA/S1A_IW_GRDH_1SDV_20250727T230749_20250727T230814_060276_077DAE_17FF.jpg,S1A_IW_GRDH_1SDV_20250727T230749_20250727T230814_060276_077DAE_17FF.zip,1035356948,4,130,ASCENDING,60276
SENTINEL1_SLC,S1A_IW_GRDH_1SDV_20250727T230749_20250727T230814_060276_077DAE_17FF,2025-07-27 23:07:49+00:00,2025-07-27 23:08:14+00:00,https://datapool.asf.alaska.edu/METADATA_GRD_HD/SA/S1A_IW_GRDH_1SDV_20250727T230749_20250727T230814_060276_077DAE_17FF.iso.xml,https://datapool.asf.alaska.edu/BROWSE/SA/S1A_IW_GRDH_1SDV_20250727T230749_20250727T230814_060276_077DAE_17FF.jpg,S1A_IW_GRDH_1SDV_20250727T230749_20250727T230814_060276_077DAE_17FF.iso.xml,59056,4,130,ASCENDING,60276
SENTINEL1_SLC,S1A_IW_RAW__0SDV_20250808T230745_20250808T230817_060451_0783E6_817C,2025-08-08 23:07:45+00:00,2025-08-08 23:08:17+00:00,https://datapool.asf.alaska.edu/RAW/SA/S1A_IW_RAW__0SDV_20250808T230745_20250808T230817_060451_0783E6_817C.zip,,S1A_IW_RAW__0SDV_20250808T230745_20250808T230817_060451_0783E6_817C.zip,1623467152,4,130,ASCENDING,60451
SENTINEL1_SLC,S1A_IW_RAW__0SDV_20250808T230745_20250808T230817_060451_0783E6_817C,2025-08-08 23:07:45+00:00,2025-08-08 23:08:17+00:00,https://datapool.asf.alaska.edu/METADATA_RAW/SA/S1A_IW_RAW__0SDV_20250808T230745_20250808T230817_060451_0783E6_817C.iso.xml,,S1A_IW_RAW__0SDV_20250808T230745_20250808T230817_060451_0783E6_817C.iso.xml,41599,4,130,ASCENDING,60451
SENTINEL1_SLC,S1A_IW_SLC__1SDV_20250808T230747_20250808T230814_060451_0783E6_9687,2025-08-08 23:07:47+00:00,2025-08-08 23:08:14+00:00,https://datapool.asf.alaska.edu/SLC/SA/S1A_IW_SLC__1SDV_20250808T230747_20250808T230814_060451_0783E6_9687.zip,,S1A_IW_SLC__1SDV_20250808T230747_20250808T230814_060451_0783E6_9687.zip,4741428076,4,130,ASCENDING,60451
SENTINEL1_SLC,S1A_IW_SLC__1SDV_20250808T230747_20250808T230814_060451_0783E6_9687,2025-08-08 23:07:47+00:00,2025-08-08 23:08:14+00:00,https://datapool.asf.alaska.edu/METADATA_SLC/SA/S1A_IW_SLC__1SDV_20250808T230747_20250808T230814_060451_0783E6_9687.iso.xml,,S1A_IW_SLC__1SDV_20250808T230747_20250808T230814_060451_0783E6_9687.iso.xml,68094,4,130,ASCENDING,60451
SENTINEL1_SLC,S1A_IW_GRDH_1SDV_20250808T230748_20250808T230813_060451_0783E6_DA1B,2025-08-08 23:07:48+00:00,2025-08-08 23:08:13+00:00,https://datapool.asf.alaska.edu/METADATA_GRD_HD/SA/S1A_IW_GRDH_1SDV_20250808T230748_20250808T230813_060451_0783E6_DA1B.iso.xml,,S1A_IW_GRDH_1SDV_20250808T230748_20250808T230813_060451_0783E6_DA1B.iso.xml,59056,4,130,ASCENDING,60451
SENTINEL1_SLC,S1A_IW_GRDH_1SDV_20250808T230748_20250808T230813_060451_0783E6_DA1B,2025-08-08 23:07:48+00:00,2025-08-08 23:08:13+00:00,https://datapool.asf.alaska.edu/GRD_HD/SA/S1A_IW_GRDH_1SDV_20250808T230748_20250808T230813_060451_0783E6_DA1B.zip,https://datapool.asf.alaska.edu/BROWSE/SA/S1A_IW_GRDH_1SDV_20250808T230748_20250808T230813_060451_0783E6_DA1B.jpg,S1A_IW_GRDH_1SDV_20250808T230748_20250808T230813_060451_0783E6_DA1B.zip,1019333708,4,130,ASCENDING,60451
SENTINEL1_SLC,S1A_IW_RAW__0SDV_20250820T230745_20250820T230817_060626_078ACA_F227,2025-08-20 23:07:45+00:00,2025-08-20 23:08:17+00:00,https://datapool.asf.alaska.edu/RAW/SA/S1A_IW_RAW__0SDV_20250820T230745_20250820T230817_060626_078ACA_F227.zip,,S1A_IW_RAW__0SDV_20250820T230745_20250820T230817_060626_078ACA_F227.zip,1656342212,4,130,ASCENDING,60626
SENTINEL1_SLC,S1A_IW_RAW__0SDV_20250820T230745_20250820T230817_060626_078ACA_F227,2025-08-20 23:07:45+00:00,2025-08-20 23:08:17+00:00,https://datapool.asf.alaska.edu/METADATA_RAW/SA/S1A_IW_RAW__0SDV_20250820T230745_20250820T230817_060626_078ACA_F227.iso.xml,,S1A_IW_RAW__0SDV_20250820T230745_20250820T230817_060626_078ACA_F227.iso.xml,41599,4,130,ASCENDING,60626
SENTINEL1_SLC,S1A_IW_SLC__1SDV_20250820T230747_20250820T230814_060626_078ACA_1C7F,2025-08-20 23:07:47+00:00,2025-08-20 23:08:14+00:00,https://datapool.asf.alaska.edu/SLC/SA/S1A_IW_SLC__1SDV_20250820T230747_20250820T230814_060626_078ACA_1C7F.zip,,S1A_IW_SLC__1SDV_20250820T230747_20250820T230814_060626_078ACA_1C7F.zip,4793359704,4,130,ASCENDING,60626
SENTINEL1_SLC,S1A_IW_SLC__1SDV_20250820T230747_20250820T230814_060626_078ACA_1C7F,2025-08-20 23:07:47+00:00,2025-08-20 23:08:14+00:00,https://datapool.asf.alaska.edu/METADATA_SLC/SA/S1A_IW_SLC__1SDV_20250820T230747_20250820T230814_060626_078ACA_1C7F.iso.xml,,S1A_IW_SLC__1SDV_20250820T230747_20250820T230814_060626_078ACA_1C7F.iso.xml,68096,4,130,ASCENDING,60626
SENTINEL1_SLC,S1A_IW_GRDH_1SDV_20250820T230748_20250820T230813_060626_078ACA_37E6,2025-08-20 23:07:48+00:00,2025-08-20 23:08:13+00:00,https://datapool.asf.alaska.edu/GRD_HD/SA/S1A_IW_GRDH_1SDV_20250820T230748_20250820T230813_060626_078ACA_37E6.zip,https://datapool.asf.alaska.edu/BROWSE/SA/S1A_IW_GRDH_1SDV_20250820T230748_20250820T230813_060626_078ACA_37E6.jpg,S1A_IW_GRDH_1SDV_20250820T230748_20250820T230813_060626_078ACA_37E6.zip,1032958618,4,130,ASCENDING,60626
SENTINEL1_SLC,S1A_IW_GRDH_1SDV_20250820T230748_20250820T230813_060626_078ACA_37E6,2025-08-20 23:07:48+00:00,2025-08-20 23:08:13+00:00,https://datapool.asf.alaska.edu/METADATA_GRD_HD/SA/S1A_IW_GRDH_1SDV_20250820T230748_20250820T230813_060626_078ACA_37E6.iso.xml,,S1A_IW_GRDH_1SDV_20250820T230748_20250820T230813_060626_078ACA_37E6.iso.xml,59056,4,130,ASCENDING,60626
SENTINEL1_SLC,S1A_IW_RAW__0SDV_20250901T230745_20250901T230817_060801_0791AE_C0E7,2025-09-01 23:07:45+00:00,2025-09-01 23:08:17+00:00,https://datapool.asf.alaska.edu/RAW/SA/S1A_IW_RAW__0SDV_20250901T230745_20250901T230817_060801_0791AE_C0E7.zip,,S1A_IW_RAW__0SDV_20250901T230745_20250901T230817_060801_0791AE_C0E7.zip,1609772027,4,130,ASCENDING,60801
SENTINEL1_SLC,S1A_IW_RAW__0SDV_20250901T230745_20250901T230817_060801_0791AE_C0E7,2025-09-01 23:07:45+00:00,2025-09-01 23:08:17+00:00,https://datapool.asf.alaska.edu/METADATA_RAW/SA/S1A_IW_RAW__0SDV_20250901T230745_20250901T230817_060801_0791AE_C0E7.iso.xml,,S1A_IW_RAW__0SDV_20250901T230745_20250901T230817_060801_0791AE_C0E7.iso.xml,41599,4,130,ASCENDING,60801
SENTINEL1_SLC,S1A_IW_SLC__1SDV_20250901T230747_20250901T230814_060801_0791AE_3B09,2025-09-01 23:07:47+00:00,2025-09-01 23:08:14+00:00,https://datapool.asf.alaska.edu/SLC/SA/S1A_IW_SLC__1SDV_20250901T230747_20250901T230814_060801_0791AE_3B09.zip,,S1A_IW_SLC__1SDV_20250901T230747_20250901T230814_060801_0791AE_3B09.zip,4722256018,4,130,ASCENDING,60801
SENTINEL1_SLC,S1A_IW_SLC__1SDV_20250901T230747_20250901T230814_060801_0791AE_3B09,2025-09-01 23:07:47+00:00,2025-09-01 23:08:14+00:00,https://datapool.asf.alaska.edu/METADATA_SLC/SA/S1A_IW_SLC__1SDV_20250901T230747_20250901T230814_060801_0791AE_3B09.iso.xml,,S1A_IW_SLC__1SDV_20250901T230747_20250901T230814_060801_0791AE_3B09.iso.xml,68098,4,130,ASCENDING,60801
SENTINEL1_SLC,S1A_IW_GRDH_1SDV_20250901T230749_20250901T230814_060801_0791AE_2D74,2025-09-01 23:07:49+00:00,2025-09-01 23:08:14+00:00,https://datapool.asf.alaska.edu/GRD_HD/SA/S1A_IW_GRDH_1SDV_20250901T230749_20250901T230814_060801_0791AE_2D74.zip,https://datapool.asf.alaska.edu/BROWSE/SA/S1A_IW_GRDH_1SDV_20250901T230749_20250901T230814_060801_0791AE_2D74.jpg,S1A_IW_GRDH_1SDV_20250901T230749_20250901T230814_060801_0791AE_2D74.zip,1012280329,4,130,ASCENDING,60801
SENTINEL1_SLC,S1A_IW_GRDH_1SDV_20250901T230749_20250901T230814_060801_0791AE_2D74,2025-09-01 23:07:49+00:00,2025-09-01 23:08:14+00:00,https://datapool.asf.alaska.edu/METADATA_GRD_HD/SA/S1A_IW_GRDH_1SDV_20250901T230749_20250901T230814_060801_0791AE_2D74.iso.xml,https://datapool.asf.alaska.edu/BROWSE/SA/S1A_IW_GRDH_1SDV_20250901T230749_20250901T230814_060801_0791AE_2D74.jpg,S1A_IW_GRDH_1SDV_20250901T230749_20250901T230814_060801_0791AE_2D74.iso.xml,59056,4,130,ASCENDING,60801
SENTINEL1_SLC,S1A_IW_RAW__0SDV_20250913T230745_20250913T230818_060976_0798B3_5518,2025-09-13 23:07:45+00:00,2025-09-13 23:08:18+00:00,https://datapool.asf.alaska.edu/METADATA_RAW/SA/S1A_IW_RAW__0SDV_20250913T230745_20250913T230818_060976_0798B3_5518.iso.xml,,S1A_IW_RAW__0SDV_20250913T230745_20250913T230818_060976_0798B3_5518.iso.xml,41599,4,130,ASCENDING,60976
SENTINEL1_SLC,S1A_IW_RAW__0SDV_20250913T230745_20250913T230818_060976_0798B3_5518,2025-09-13 23:07:45+00:00,2025-09-13 23:08:18+00:00,https://datapool.asf.alaska.edu/RAW/SA/S1A_IW_RAW__0SDV_20250913T230745_20250913T230818_060976_0798B3_5518.zip,,S1A_IW_RAW__0SDV_20250913T230745_20250913T230818_060976_0798B3_5518.zip,1610824664,4,130,ASCENDING,60976
SENTINEL1_SLC,S1A_IW_SLC__1SDV_20250913T230748_20250913T230815_060976_0798B3_3B2C,2025-09-13 23:07:48+00:00,2025-09-13 23:08:15+00:00,https://datapool.asf.alaska.edu/METADATA_SLC/SA/S1A_IW_SLC__1SDV_20250913T230748_20250913T230815_060976_0798B3_3B2C.iso.xml,,S1A_IW_SLC__1SDV_20250913T230748_20250913T230815_060976_0798B3_3B2C.iso.xml,68097,4,130,ASCENDING,60976
SENTINEL1_SLC,S1A_IW_SLC__1SDV_20250913T230748_20250913T230815_060976_0798B3_3B2C,2025-09-13 23:07:48+00:00,2025-09-13 23:08:15+00:00,https://datapool.asf.alaska.edu/SLC/SA/S1A_IW_SLC__1SDV_20250913T230748_20250913T230815_060976_0798B3_3B2C.zip,,S1A_IW_SLC__1SDV_20250913T230748_20250913T230815_060976_0798B3_3B2C.zip,4724411508,4,130,ASCENDING,60976
SENTINEL1_SLC,S1A_IW_GRDH_1SDV_20250913T230749_20250913T230814_060976_0798B3_2077,2025-09-13 23:07:49+00:00,2025-09-13 23:08:14+00:00,https://datapool.asf.alaska.edu/GRD_HD/SA/S1A_IW_GRDH_1SDV_20250913T230749_20250913T230814_060976_0798B3_2077.zip,https://datapool.asf.alaska.edu/BROWSE/SA/S1A_IW_GRDH_1SDV_20250913T230749_20250913T230814_060976_0798B3_2077.jpg,S1A_IW_GRDH_1SDV_20250913T230749_20250913T230814_060976_0798B3_2077.zip,1013741144,4,130,ASCENDING,60976
SENTINEL1_SLC,S1A_IW_GRDH_1SDV_20250913T230749_20250913T230814_060976_0798B3_2077,2025-09-13 23:07:49+00:00,2025-09-13 23:08:14+00:00,https://datapool.asf.alaska.edu/METADATA_GRD_HD/SA/S1A_IW_GRDH_1SDV_20250913T230749_20250913T230814_060976_0798B3_2077.iso.xml,https://datapool.asf.alaska.edu/BROWSE/SA/S1A_IW_GRDH_1SDV_20250913T230749_20250913T230814_060976_0798B3_2077.jpg,S1A_IW_GRDH_1SDV_20250913T230749_20250913T230814_060976_0798B3_2077.iso.xml,59056,4,130,ASCENDING,60976
SENTINEL1_SLC,S1A_IW_RAW__0SDV_20250925T230745_20250925T230818_061151_079FBA_ADBD,2025-09-25 23:07:45+00:00,2025-09-25 23:08:18+00:00,https://datapool.asf.alaska.edu/RAW/SA/S1A_IW_RAW__0SDV_20250925T230745_20250925T230818_061151_079FBA_ADBD.zip,,S1A_IW_RAW__0SDV_20250925T230745_20250925T230818_061151_079FBA_ADBD.zip,1658525413,4,130,ASCENDING,61151
SENTINEL1_SLC,S1A_IW_RAW__0SDV_20250925T230745_20250925T230818_061151_079FBA_ADBD,2025-09-25 23:07:45+00:00,2025-09-25 23:08:18+00:00,https://datapool.asf.alaska.edu/METADATA_RAW/SA/S1A_IW_RAW__0SDV_20250925T230745_20250925T230818_061151_079FBA_ADBD.iso.xml,,S1A_IW_RAW__0SDV_20250925T230745_20250925T230818_061151_079FBA_ADBD.iso.xml,41599,4,130,ASCENDING,61151
SENTINEL1_SLC,S1A_IW_SLC__1SDV_20250925T230748_20250925T230815_061151_079FBA_D65D,2025-09-25 23:07:48+00:00,2025-09-25 23:08:15+00:00,https://datapool.asf.alaska.edu/SLC/SA/S1A_IW_SLC__1SDV_20250925T230748_20250925T230815_061151_079FBA_D65D.zip,,S1A_IW_SLC__1SDV_20250925T230748_20250925T230815_061151_079FBA_D65D.zip,4820353698,4,130,ASCENDING,61151
SENTINEL1_SLC,S1A_IW_SLC__1SDV_20250925T230748_20250925T230815_061151_079FBA_D65D,2025-09-25 23:07:48+00:00,2025-09-25 23:08:15+00:00,https://datapool.asf.alaska.edu/METADATA_SLC/SA/S1A_IW_SLC__1SDV_20250925T230748_20250925T230815_061151_079FBA_D65D.iso.xml,,S1A_IW_SLC__1SDV_20250925T230748_20250925T230815_061151_079FBA_D65D.iso.xml,68096,4,130,ASCENDING,61151
SENTINEL1_SLC,S1A_IW_GRDH_1SDV_20250925T230749_20250925T230814_061151_079FBA_8FE1,2025-09-25 23:07:49+00:00,2025-09-25 23:08:14+00:00,https://datapool.asf.alaska.edu/METADATA_GRD_HD/SA/S1A_IW_GRDH_1SDV_20250925T230749_20250925T230814_061151_079FBA_8FE1.iso.xml,,S1A_IW_GRDH_1SDV_20250925T230749_20250925T230814_061151_079FBA_8FE1.iso.xml,59056,4,130,ASCENDING,61151
SENTINEL1_SLC,S1A_IW_GRDH_1SDV_20250925T230749_20250925T230814_061151_079FBA_8FE1,2025-09-25 23:07:49+00:00,2025-09-25 23:08:14+00:00,https://datapool.asf.alaska.edu/GRD_HD/SA/S1A_IW_GRDH_1SDV_20250925T230749_20250925T230814_061151_079FBA_8FE1.zip,https://datapool.asf.alaska.edu/BROWSE/SA/S1A_IW_GRDH_1SDV_20250925T230749_20250925T230814_061151_079FBA_8FE1.jpg,S1A_IW_GRDH_1SDV_20250925T230749_20250925T230814_061151_079FBA_8FE1.zip,1038866950,4,130,ASCENDING,61151
SENTINEL1_SLC,S1A_IW_RAW__0SDV_20251007T230746_20251007T230818_061326_07A6C6_9B34,2025-10-07 23:07:46+00:00,2025-10-07 23:08:18+00:00,https://datapool.asf.alaska.edu/METADATA_RAW/SA/S1A_IW_RAW__0SDV_20251007T230746_20251007T230818_061326_07A6C6_9B34.iso.xml,,S1A_IW_RAW__0SDV_20251007T230746_20251007T230818_061326_07A6C6_9B34.iso.xml,41599,4,130,ASCENDING,61326
SENTINEL1_SLC,S1A_IW_RAW__0SDV_20251007T230746_20251007T230818_061326_07A6C6_9B34,2025-10-07 23:07:46+00:00,2025-10-07 23:08:18+00:00,https://datapool.asf.alaska.edu/RAW/SA/S1A_IW_RAW__0SDV_20251007T230746_20251007T230818_061326_07A6C6_9B34.zip,,S1A_IW_RAW__0SDV_20251007T230746_20251007T230818_061326_07A6C6_9B34.zip,1666249392,4,130,ASCENDING,61326
SENTINEL1_SLC,S1A_IW_SLC__1SDV_20251007T230748_20251007T230815_061326_07A6C6_53B8,2025-10-07 23:07:48+00:00,2025-10-07 23:08:15+00:00,https://datapool.asf.alaska.edu/METADATA_SLC/SA/S1A_IW_SLC__1SDV_20251007T230748_20251007T230815_061326_07A6C6_53B8.iso.xml,,S1A_IW_SLC__1SDV_20251007T230748_20251007T230815_061326_07A6C6_53B8.iso.xml,68094,4,130,ASCENDING,61326
SENTINEL1_SLC,S1A_IW_SLC__1SDV_20251007T230748_20251007T230815_061326_07A6C6_53B8,2025-10-07 23:07:48+00:00,2025-10-07 23:08:15+00:00,https://datapool.asf.alaska.edu/SLC/SA/S1A_IW_SLC__1SDV_20251007T230748_20251007T230815_061326_07A6C6_53B8.zip,,S1A_IW_SLC__1SDV_20251007T230748_20251007T230815_061326_07A6C6_53B8.zip,4824910322,4,130,ASCENDING,61326
SENTINEL1_SLC,S1A_IW_GRDH_1SDV_20251007T230750_20251007T230815_061326_07A6C6_088B,2025-10-07 23:07:50+00:00,2025-10-07 23:08:15+00:00,https://datapool.asf.alaska.edu/GRD_HD/SA/S1A_IW_GRDH_1SDV_20251007T230750_20251007T230815_061326_07A6C6_088B.zip,https://datapool.asf.alaska.edu/BROWSE/SA/S1A_IW_GRDH_1SDV_20251007T230750_20251007T230815_061326_07A6C6_088B.jpg,S1A_IW_GRDH_1SDV_20251007T230750_20251007T230815_061326_07A6C6_088B.zip,1047344594,4,130,ASCENDING,61326
SENTINEL1_SLC,S1A_IW_GRDH_1SDV_20251007T230750_20251007T230815_061326_07A6C6_088B,2025-10-07 23:07:50+00:00,2025-10-07 23:08:15+00:00,https://datapool.asf.alaska.edu/METADATA_GRD_HD/SA/S1A_IW_GRDH_1SDV_20251007T230750_20251007T230815_061326_07A6C6_088B.iso.xml,https://datapool.asf.alaska.edu/BROWSE/SA/S1A_IW_GRDH_1SDV_20251007T230750_20251007T230815_061326_07A6C6_088B.jpg,S1A_IW_GRDH_1SDV_20251007T230750_20251007T230815_061326_07A6C6_088B.iso.xml,59056,4,130,ASCENDING,61326
SENTINEL1_SLC,S1A_IW_RAW__0SDV_20251019T230746_20251019T230818_061501_07ADCC_B58D,2025-10-19 23:07:46+00:00,2025-10-19 23:08:18+00:00,https://datapool.asf.alaska.edu/METADATA_RAW/SA/S1A_IW_RAW__0SDV_20251019T230746_20251019T230818_061501_07ADCC_B58D.iso.xml,,S1A_IW_RAW__0SDV_20251019T230746_20251019T230818_061501_07ADCC_B58D.iso.xml,41599,4,130,ASCENDING,61501
SENTINEL1_SLC,S1A_IW_RAW__0SDV_20251019T230746_20251019T230818_061501_07ADCC_B58D,2025-10-19 23:07:46+00:00,2025-10-19 23:08:18+00:00,https://datapool.asf.alaska.edu/RAW/SA/S1A_IW_RAW__0SDV_20251019T230746_20251019T230818_061501_07ADCC_B58D.zip,,S1A_IW_RAW__0SDV_20251019T230746_20251019T230818_061501_07ADCC_B58D.zip,1653280099,4,130,ASCENDING,61501
SENTINEL1_SLC,S1A_IW_SLC__1SDV_20251019T230748_20251019T230815_061501_07ADCC_D0FF,2025-10-19 23:07:48+00:00,2025-10-19 23:08:15+00:00,https://datapool.asf.alaska.edu/SLC/SA/S1A_IW_SLC__1SDV_20251019T230748_20251019T230815_061501_07ADCC_D0FF.zip,,S1A_IW_SLC__1SDV_20251019T230748_20251019T230815_061501_07ADCC_D0FF.zip,4803195568,4,130,ASCENDING,61501
SENTINEL1_SLC,S1A_IW_SLC__1SDV_20251019T230748_20251019T230815_061501_07ADCC_D0FF,2025-10-19 23:07:48+00:00,2025-10-19 23:08:15+00:00,https://datapool.asf.alaska.edu/METADATA_SLC/SA/S1A_IW_SLC__1SDV_20251019T230748_20251019T230815_061501_07ADCC_D0FF.iso.xml,,S1A_IW_SLC__1SDV_20251019T230748_20251019T230815_061501_07ADCC_D0FF.iso.xml,68096,4,130,ASCENDING,61501
SENTINEL1_SLC,S1A_IW_GRDH_1SDV_20251019T230749_20251019T230814_061501_07ADCC_81A5,2025-10-19 23:07:49+00:00,2025-10-19 23:08:14+00:00,https://datapool.asf.alaska.edu/METADATA_GRD_HD/SA/S1A_IW_GRDH_1SDV_20251019T230749_20251019T230814_061501_07ADCC_81A5.iso.xml,https://datapool.asf.alaska.edu/BROWSE/SA/S1A_IW_GRDH_1SDV_20251019T230749_20251019T230814_061501_07ADCC_81A5.jpg,S1A_IW_GRDH_1SDV_20251019T230749_20251019T230814_061501_07ADCC_81A5.iso.xml,59056,4,130,ASCENDING,61501
SENTINEL1_SLC,S1A_IW_GRDH_1SDV_20251019T230749_20251019T230814_061501_07ADCC_81A5,2025-10-19 23:07:49+00:00,2025-10-19 23:08:14+00:00,https://datapool.asf.alaska.edu/GRD_HD/SA/S1A_IW_GRDH_1SDV_20251019T230749_20251019T230814_061501_07ADCC_81A5.zip,https://datapool.asf.alaska.edu/BROWSE/SA/S1A_IW_GRDH_1SDV_20251019T230749_20251019T230814_061501_07ADCC_81A5.jpg,S1A_IW_GRDH_1SDV_20251019T230749_20251019T230814_061501_07ADCC_81A5.zip,1041388744,4,130,ASCENDING,61501
SENTINEL1_SLC,S1A_IW_RAW__0SDV_20251031T230745_20251031T230818_061676_07B4D9_279F,2025-10-31 23:07:45+00:00,2025-10-31 23:08:18+00:00,https://datapool.asf.alaska.edu/METADATA_RAW/SA/S1A_IW_RAW__0SDV_20251031T230745_20251031T230818_061676_07B4D9_279F.iso.xml,,S1A_IW_RAW__0SDV_20251031T230745_20251031T230818_061676_07B4D9_279F.iso.xml,41599,4,130,ASCENDING,61676
SENTINEL1_SLC,S1A_IW_RAW__0SDV_20251031T230745_20251031T230818_061676_07B4D9_279F,2025-10-31 23:07:45+00:00,2025-10-31 23:08:18+00:00,https://datapool.asf.alaska.edu/RAW/SA/S1A_IW_RAW__0SDV_20251031T230745_20251031T230818_061676_07B4D9_279F.zip,,S1A_IW_RAW__0SDV_20251031T230745_20251031T230818_061676_07B4D9_279F.zip,1634676217,4,130,ASCENDING,61676
SENTINEL1_SLC,S1A_IW_SLC__1SDV_20251031T230748_20251031T230815_061676_07B4D9_2B66,2025-10-31 23:07:48+00:00,2025-10-31 23:08:15+00:00,https://datapool.asf.alaska.edu/METADATA_SLC/SA/S1A_IW_SLC__1SDV_20251031T230748_20251031T230815_061676_07B4D9_2B66.iso.xml,,S1A_IW_SLC__1SDV_20251031T230748_20251031T230815_061676_07B4D9_2B66.iso.xml,68096,4,130,ASCENDING,61676
SENTINEL1_SLC,S1A_IW_SLC__1SDV_20251031T230748_20251031T230815_061676_07B4D9_2B66,2025-10-31 23:07:48+00:00,2025-10-31 23:08:15+00:00,https://datapool.asf.alaska.edu/SLC/SA/S1A_IW_SLC__1SDV_20251031T230748_20251031T230815_061676_07B4D9_2B66.zip,,S1A_IW_SLC__1SDV_20251031T230748_20251031T230815_061676_07B4D9_2B66.zip,4790707538,4,130,ASCENDING,61676
SENTINEL1_SLC,S1A_IW_GRDH_1SDV_20251031T230749_20251031T230814_061676_07B4D9_1AD7,2025-10-31 23:07:49+00:00,2025-10-31 23:08:14+00:00,https://datapool.asf.alaska.edu/GRD_HD/SA/S1A_IW_GRDH_1SDV_20251031T230749_20251031T230814_061676_07B4D9_1AD7.zip,https://datapool.asf.alaska.edu/BROWSE/SA/S1A_IW_GRDH_1SDV_20251031T230749_20251031T230814_061676_07B4D9_1AD7.jpg,S1A_IW_GRDH_1SDV_20251031T230749_20251031T230814_061676_07B4D9_1AD7.zip,1030541270,4,130,ASCENDING,61676
SENTINEL1_SLC,S1A_IW_GRDH_1SDV_20251031T230749_20251031T230814_061676_07B4D9_1AD7,2025-10-31 23:07:49+00:00,2025-10-31 23:08:14+00:00,https://datapool.asf.alaska.edu/METADATA_GRD_HD/SA/S1A_IW_GRDH_1SDV_20251031T230749_20251031T230814_061676_07B4D9_1AD7.iso.xml,https://datapool.asf.alaska.edu/BROWSE/SA/S1A_IW_GRDH_1SDV_20251031T230749_20251031T230814_061676_07B4D9_1AD7.jpg,S1A_IW_GRDH_1SDV_20251031T230749_20251031T230814_061676_07B4D9_1AD7.iso.xml,59054,4,130,ASCENDING,61676
SENTINEL1_SLC,S1A_IW_RAW__0SDV_20251112T230745_20251112T230817_061851_07BB99_ABE1,2025-11-12 23:07:45+00:00,2025-11-12 23:08:17+00:00,https://datapool.asf.alaska.edu/RAW/SA/S1A_IW_RAW__0SDV_20251112T230745_20251112T230817_061851_07BB99_ABE1.zip,,S1A_IW_RAW__0SDV_20251112T230745_20251112T230817_061851_07BB99_ABE1.zip,1641960255,4,130,ASCENDING,61851
SENTINEL1_SLC,S1A_IW_RAW__0SDV_20251112T230745_20251112T230817_061851_07BB99_ABE1,2025-11-12 23:07:45+00:00,2025-11-12 23:08:17+00:00,https://datapool.asf.alaska.edu/METADATA_RAW/SA/S1A_IW_RAW__0SDV_20251112T230745_20251112T230817_061851_07BB99_ABE1.iso.xml,,S1A_IW_RAW__0SDV_20251112T230745_20251112T230817_061851_07BB99_ABE1.iso.xml,41599,4,130,ASCENDING,61851
SENTINEL1_SLC,S1A_IW_SLC__1SDV_20251112T230747_20251112T230814_061851_07BB99_624A,2025-11-12 23:07:47+00:00,2025-11-12 23:08:14+00:00,https://datapool.asf.alaska.edu/SLC/SA/S1A_IW_SLC__1SDV_20251112T230747_20251112T230814_061851_07BB99_624A.zip,,S1A_IW_SLC__1SDV_20251112T230747_20251112T230814_061851_07BB99_624A.zip,4794572626,4,130,ASCENDING,61851
SENTINEL1_SLC,S1A_IW_SLC__1SDV_20251112T230747_20251112T230814_061851_07BB99_624A,2025-11-12 23:07:47+00:00,2025-11-12 23:08:14+00:00,https://datapool.asf.alaska.edu/METADATA_SLC/SA/S1A_IW_SLC__1SDV_20251112T230747_20251112T230814_061851_07BB99_624A.iso.xml,,S1A_IW_SLC__1SDV_20251112T230747_20251112T230814_061851_07BB99_624A.iso.xml,68096,4,130,ASCENDING,61851
SENTINEL1_SLC,S1A_IW_GRDH_1SDV_20251112T230748_20251112T230813_061851_07BB99_7865,2025-11-12 23:07:48+00:00,2025-11-12 23:08:13+00:00,https://datapool.asf.alaska.edu/METADATA_GRD_HD/SA/S1A_IW_GRDH_1SDV_20251112T230748_20251112T230813_061851_07BB99_7865.iso.xml,,S1A_IW_GRDH_1SDV_20251112T230748_20251112T230813_061851_07BB99_7865.iso.xml,59056,4,130,ASCENDING,61851
SENTINEL1_SLC,S1A_IW_GRDH_1SDV_20251112T230748_20251112T230813_061851_07BB99_7865,2025-11-12 23:07:48+00:00,2025-11-12 23:08:13+00:00,https://datapool.asf.alaska.edu/GRD_HD/SA/S1A_IW_GRDH_1SDV_20251112T230748_20251112T230813_061851_07BB99_7865.zip,https://datapool.asf.alaska.edu/BROWSE/SA/S1A_IW_GRDH_1SDV_20251112T230748_20251112T230813_061851_07BB99_7865.jpg,S1A_IW_GRDH_1SDV_20251112T230748_20251112T230813_061851_07BB99_7865.zip,1034935313,4,130,ASCENDING,61851
SENTINEL1_SLC,S1A_IW_RAW__0SDV_20251124T230744_20251124T230816_062026_07C268_58A1,2025-11-24 23:07:44+00:00,2025-11-24 23:08:16+00:00,https://datapool.asf.alaska.edu/METADATA_RAW/SA/S1A_IW_RAW__0SDV_20251124T230744_20251124T230816_062026_07C268_58A1.iso.xml,,S1A_IW_RAW__0SDV_20251124T230744_20251124T230816_062026_07C268_58A1.iso.xml,41599,4,130,ASCENDING,62026
SENTINEL1_SLC,S1A_IW_RAW__0SDV_20251124T230744_20251124T230816_062026_07C268_58A1,2025-11-24 23:07:44+00:00,2025-11-24 23:08:16+00:00,https://datapool.asf.alaska.edu/RAW/SA/S1A_IW_RAW__0SDV_20251124T230744_20251124T230816_062026_07C268_58A1.zip,,S1A_IW_RAW__0SDV_20251124T230744_20251124T230816_062026_07C268_58A1.zip,1623945503,4,130,ASCENDING,62026
SENTINEL1_SLC,S1A_IW_SLC__1SDV_20251124T230746_20251124T230813_062026_07C268_3881,2025-11-24 23:07:46+00:00,2025-11-24 23:08:13+00:00,https://datapool.asf.alaska.edu/METADATA_SLC/SA/S1A_IW_SLC__1SDV_20251124T230746_20251124T230813_062026_07C268_3881.iso.xml,,S1A_IW_SLC__1SDV_20251124T230746_20251124T230813_062026_07C268_3881.iso.xml,68095,4,130,ASCENDING,62026
SENTINEL1_SLC,S1A_IW_SLC__1SDV_20251124T230746_20251124T230813_062026_07C268_3881,2025-11-24 23:07:46+00:00,2025-11-24 23:08:13+00:00,https://datapool.asf.alaska.edu/SLC/SA/S1A_IW_SLC__1SDV_20251124T230746_20251124T230813_062026_07C268_3881.zip,,S1A_IW_SLC__1SDV_20251124T230746_20251124T230813_062026_07C268_3881.zip,4762561415,4,130,ASCENDING,62026
SENTINEL1_SLC,S1A_IW_GRDH_1SDV_20251124T230748_20251124T230813_062026_07C268_79B2,2025-11-24 23:07:48+00:00,2025-11-24 23:08:13+00:00,https://datapool.asf.alaska.edu/GRD_HD/SA/S1A_IW_GRDH_1SDV_20251124T230748_20251124T230813_062026_07C268_79B2.zip,https://datapool.asf.alaska.edu/BROWSE/SA/S1A_IW_GRDH_1SDV_20251124T230748_20251124T230813_062026_07C268_79B2.jpg,S1A_IW_GRDH_1SDV_20251124T230748_20251124T230813_062026_07C268_79B2.zip,1026267650,4,130,ASCENDING,62026
SENTINEL1_SLC,S1A_IW_GRDH_1SDV_20251124T230748_20251124T230813_062026_07C268_79B2,2025-11-24 23:07:48+00:00,2025-11-24 23:08:13+00:00,https://datapool.asf.alaska.edu/METADATA_GRD_HD/SA/S1A_IW_GRDH_1SDV_20251124T230748_20251124T230813_062026_07C268_79B2.iso.xml,https://datapool.asf.alaska.edu/BROWSE/SA/S1A_IW_GRDH_1SDV_20251124T230748_20251124T230813_062026_07C268_79B2.jpg,S1A_IW_GRDH_1SDV_20251124T230748_20251124T230813_062026_07C268_79B2.iso.xml,59056,4,130,ASCENDING,62026
SENTINEL1_SLC,S1A_IW_RAW__0SDV_20251206T230743_20251206T230815_062201_07C941_11DE,2025-12-06 23:07:43+00:00,2025-12-06 23:08:15+00:00,https://datapool.asf.alaska.edu/RAW/SA/S1A_IW_RAW__0SDV_20251206T230743_20251206T230815_062201_07C941_11DE.zip,,S1A_IW_RAW__0SDV_20251206T230743_20251206T230815_062201_07C941_11DE.zip,1600496906,4,130,ASCENDING,62201
SENTINEL1_SLC,S1A_IW_RAW__0SDV_20251206T230743_20251206T230815_062201_07C941_11DE,2025-12-06 23:07:43+00:00,2025-12-06 23:08:15+00:00,https://datapool.asf.alaska.edu/METADATA_RAW/SA/S1A_IW_RAW__0SDV_20251206T230743_20251206T230815_062201_07C941_11DE.iso.xml,,S1A_IW_RAW__0SDV_20251206T230743_20251206T230815_062201_07C941_11DE.iso.xml,41599,4,130,ASCENDING,62201
SENTINEL1_SLC,S1A_IW_SLC__1SDV_20251206T230745_20251206T230812_062201_07C941_DF6A,2025-12-06 23:07:45+00:00,2025-12-06 23:08:12+00:00,https://datapool.asf.alaska.edu/SLC/SA/S1A_IW_SLC__1SDV_20251206T230745_20251206T230812_062201_07C941_DF6A.zip,,S1A_IW_SLC__1SDV_20251206T230745_20251206T230812_062201_07C941_DF6A.zip,4710964991,4,130,ASCENDING,62201
SENTINEL1_SLC,S1A_IW_SLC__1SDV_20251206T230745_20251206T230812_062201_07C941_DF6A,2025-12-06 23:07:45+00:00,2025-12-06 23:08:12+00:00,https://datapool.asf.alaska.edu/METADATA_SLC/SA/S1A_IW_SLC__1SDV_20251206T230745_20251206T230812_062201_07C941_DF6A.iso.xml,,S1A_IW_SLC__1SDV_20251206T230745_20251206T230812_062201_07C941_DF6A.iso.xml,68095,4,130,ASCENDING,62201
SENTINEL1_SLC,S1A_IW_GRDH_1SDV_20251206T230746_20251206T230811_062201_07C941_CAA3,2025-12-06 23:07:46+00:00,2025-12-06 23:08:11+00:00,https://datapool.asf.alaska.edu/GRD_HD/SA/S1A_IW_GRDH_1SDV_20251206T230746_20251206T230811_062201_07C941_CAA3.zip,https://datapool.asf.alaska.edu/BROWSE/SA/S1A_IW_GRDH_1SDV_20251206T230746_20251206T230811_062201_07C941_CAA3.jpg,S1A_IW_GRDH_1SDV_20251206T230746_20251206T230811_062201_07C941_CAA3.zip,1004615629,4,130,ASCENDING,62201
SENTINEL1_SLC,S1A_IW_GRDH_1SDV_20251206T230746_20251206T230811_062201_07C941_CAA3,2025-12-06 23:07:46+00:00,2025-12-06 23:08:11+00:00,https://datapool.asf.alaska.edu/METADATA_GRD_HD/SA/S1A_IW_GRDH_1SDV_20251206T230746_20251206T230811_062201_07C941_CAA3.iso.xml,https://datapool.asf.alaska.edu/BROWSE/SA/S1A_IW_GRDH_1SDV_20251206T230746_20251206T230811_062201_07C941_CAA3.jpg,S1A_IW_GRDH_1SDV_20251206T230746_20251206T230811_062201_07C941_CAA3.iso.xml,59056,4,130,ASCENDING,62201
SENTINEL1_SLC,S1A_IW_RAW__0SDV_20251218T230742_20251218T230814_062376_07D013_F85E,2025-12-18 23:07:42+00:00,2025-12-18 23:08:14+00:00,https://datapool.asf.alaska.edu/METADATA_RAW/SA/S1A_IW_RAW__0SDV_20251218T230742_20251218T230814_062376_07D013_F85E.iso.xml,,S1A_IW_RAW__0SDV_20251218T230742_20251218T230814_062376_07D013_F85E.iso.xml,41599,4,130,ASCENDING,62376
SENTINEL1_SLC,S1A_IW_RAW__0SDV_20251218T230742_20251218T230814_062376_07D013_F85E,2025-12-18 23:07:42+00:00,2025-12-18 23:08:14+00:00,https://datapool.asf.alaska.edu/RAW/SA/S1A_IW_RAW__0SDV_20251218T230742_20251218T230814_062376_07D013_F85E.zip,,S1A_IW_RAW__0SDV_20251218T230742_20251218T230814_062376_07D013_F85E.zip,1626270655,4,130,ASCENDING,62376
SENTINEL1_SLC,S1A_IW_SLC__1SDV_20251218T230744_20251218T230811_062376_07D013_E231,2025-12-18 23:07:44+00:00,2025-12-18 23:08:11+00:00,https://datapool.asf.alaska.edu/METADATA_SLC/SA/S1A_IW_SLC__1SDV_20251218T230744_20251218T230811_062376_07D013_E231.iso.xml,,S1A_IW_SLC__1SDV_20251218T230744_20251218T230811_062376_07D013_E231.iso.xml,68097,4,130,ASCENDING,62376
SENTINEL1_SLC,S1A_IW_SLC__1SDV_20251218T230744_20251218T230811_062376_07D013_E231,2025-12-18 23:07:44+00:00,2025-12-18 23:08:11+00:00,https://datapool.asf.alaska.edu/SLC/SA/S1A_IW_SLC__1SDV_20251218T230744_20251218T230811_062376_07D013_E231.zip,,S1A_IW_SLC__1SDV_20251218T230744_20251218T230811_062376_07D013_E231.zip,4768370810,4,130,ASCENDING,62376
SENTINEL1_SLC,S1A_IW_GRDH_1SDV_20251218T230745_20251218T230810_062376_07D013_FBC1,2025-12-18 23:07:45+00:00,2025-12-18 23:08:10+00:00,https://datapool.asf.alaska.edu/GRD_HD/SA/S1A_IW_GRDH_1SDV_20251218T230745_20251218T230810_062376_07D013_FBC1.zip,https://datapool.asf.alaska.edu/BROWSE/SA/S1A_IW_GRDH_1SDV_20251218T230745_20251218T230810_062376_07D013_FBC1.jpg,S1A_IW_GRDH_1SDV_20251218T230745_20251218T230810_062376_07D013_FBC1.zip,1027230761,4,130,ASCENDING,62376
SENTINEL1_SLC,S1A_IW_GRDH_1SDV_20251218T230745_20251218T230810_062376_07D013_FBC1,2025-12-18 23:07:45+00:00,2025-12-18 23:08:10+00:00,https://datapool.asf.alaska.edu/METADATA_GRD_HD/SA/S1A_IW_GRDH_1SDV_20251218T230745_20251218T230810_062376_07D013_FBC1.iso.xml,,S1A_IW_GRDH_1SDV_20251218T230745_20251218T230810_062376_07D013_FBC1.iso.xml,59056,4,130,ASCENDING,62376
SENTINEL1_SLC,S1A_IW_RAW__0SDV_20251230T230740_20251230T230813_062551_07D6D9_D8DC,2025-12-30 23:07:40+00:00,2025-12-30 23:08:13+00:00,https://datapool.asf.alaska.edu/METADATA_RAW/SA/S1A_IW_RAW__0SDV_20251230T230740_20251230T230813_062551_07D6D9_D8DC.iso.xml,,S1A_IW_RAW__0SDV_20251230T230740_20251230T230813_062551_07D6D9_D8DC.iso.xml,41599,4,130,ASCENDING,62551
SENTINEL1_SLC,S1A_IW_RAW__0SDV_20251230T230740_20251230T230813_062551_07D6D9_D8DC,2025-12-30 23:07:40+00:00,2025-12-30 23:08:13+00:00,https://datapool.asf.alaska.edu/RAW/SA/S1A_IW_RAW__0SDV_20251230T230740_20251230T230813_062551_07D6D9_D8DC.zip,,S1A_IW_RAW__0SDV_20251230T230740_20251230T230813_062551_07D6D9_D8DC.zip,1576964476,4,130,ASCENDING,62551
SENTINEL1_SLC,S1A_IW_SLC__1SDV_20251230T230743_20251230T230810_062551_07D6D9_FF32,2025-12-30 23:07:43+00:00,2025-12-30 23:08:10+00:00,https://datapool.asf.alaska.edu/SLC/SA/S1A_IW_SLC__1SDV_20251230T230743_20251230T230810_062551_07D6D9_FF32.zip,,S1A_IW_SLC__1SDV_20251230T230743_20251230T230810_062551_07D6D9_FF32.zip,4584151097,4,130,ASCENDING,62551
SENTINEL1_SLC,S1A_IW_SLC__1SDV_20251230T230743_20251230T230810_062551_07D6D9_FF32,2025-12-30 23:07:43+00:00,2025-12-30 23:08:10+00:00,https://datapool.asf.alaska.edu/METADATA_SLC/SA/S1A_IW_SLC__1SDV_20251230T230743_20251230T230810_062551_07D6D9_FF32.iso.xml,,S1A_IW_SLC__1SDV_20251230T230743_20251230T230810_062551_07D6D9_FF32.iso.xml,68093,4,130,ASCENDING,62551
SENTINEL1_SLC,S1A_IW_GRDH_1SDV_20251230T230744_20251230T230809_062551_07D6D9_2FD7,2025-12-30 23:07:44+00:00,2025-12-30 23:08:09+00:00,https://datapool.asf.alaska.edu/METADATA_GRD_HD/SA/S1A_IW_GRDH_1SDV_20251230T230744_20251230T230809_062551_07D6D9_2FD7.iso.xml,,S1A_IW_GRDH_1SDV_20251230T230744_20251230T230809_062551_07D6D9_2FD7.iso.xml,59056,4,130,ASCENDING,62551
SENTINEL1_SLC,S1A_IW_GRDH_1SDV_20251230T230744_20251230T230809_062551_07D6D9_2FD7,2025-12-30 23:07:44+00:00,2025-12-30 23:08:09+00:00,https://datapool.asf.alaska.edu/GRD_HD/SA/S1A_IW_GRDH_1SDV_20251230T230744_20251230T230809_062551_07D6D9_2FD7.zip,https://datapool.asf.alaska.edu/BROWSE/SA/S1A_IW_GRDH_1SDV_20251230T230744_20251230T230809_062551_07D6D9_2FD7.jpg,S1A_IW_GRDH_1SDV_20251230T230744_20251230T230809_062551_07D6D9_2FD7.zip,974885789,4,130,ASCENDING,62551
SENTINEL1_SLC,S1A_IW_RAW__0SDV_20260111T230739_20260111T230812_062726_07DD8F_C6CB,2026-01-11 23:07:39+00:00,2026-01-11 23:08:12+00:00,https://datapool.asf.alaska.edu/METADATA_RAW/SA/S1A_IW_RAW__0SDV_20260111T230739_20260111T230812_062726_07DD8F_C6CB.iso.xml,,S1A_IW_RAW__0SDV_20260111T230739_20260111T230812_062726_07DD8F_C6CB.iso.xml,41599,4,130,ASCENDING,62726
SENTINEL1_SLC,S1A_IW_RAW__0SDV_20260111T230739_20260111T230812_062726_07DD8F_C6CB,2026-01-11 23:07:39+00:00,2026-01-11 23:08:12+00:00,https://datapool.asf.alaska.edu/RAW/SA/S1A_IW_RAW__0SDV_20260111T230739_20260111T230812_062726_07DD8F_C6CB.zip,,S1A_IW_RAW__0SDV_20260111T230739_20260111T230812_062726_07DD8F_C6CB.zip,1590610244,4,130,ASCENDING,62726
SENTINEL1_SLC,S1A_IW_SLC__1SDV_20260111T230742_20260111T230809_062726_07DD8F_91BF,2026-01-11 23:07:42+00:00,2026-01-11 23:08:09+00:00,https://datapool.asf.alaska.edu/METADATA_SLC/SA/S1A_IW_SLC__1SDV_20260111T230742_20260111T230809_062726_07DD8F_91BF.iso.xml,,S1A_IW_SLC__1SDV_20260111T230742_20260111T230809_062726_07DD8F_91BF.iso.xml,68095,4,130,ASCENDING,62726
SENTINEL1_SLC,S1A_IW_SLC__1SDV_20260111T230742_20260111T230809_062726_07DD8F_91BF,2026-01-11 23:07:42+00:00,2026-01-11 23:08:09+00:00,https://datapool.asf.alaska.edu/SLC/SA/S1A_IW_SLC__1SDV_20260111T230742_20260111T230809_062726_07DD8F_91BF.zip,,S1A_IW_SLC__1SDV_20260111T230742_20260111T230809_062726_07DD8F_91BF.zip,4662692415,4,130,ASCENDING,62726
SENTINEL1_SLC,S1A_IW_GRDH_1SDV_20260111T230743_20260111T230808_062726_07DD8F_AF9C,2026-01-11 23:07:43+00:00,2026-01-11 23:08:08+00:00,https://datapool.asf.alaska.edu/GRD_HD/SA/S1A_IW_GRDH_1SDV_20260111T230743_20260111T230808_062726_07DD8F_AF9C.zip,https://datapool.asf.alaska.edu/BROWSE/SA/S1A_IW_GRDH_1SDV_20260111T230743_20260111T230808_062726_07DD8F_AF9C.jpg,S1A_IW_GRDH_1SDV_20260111T230743_20260111T230808_062726_07DD8F_AF9C.zip,992239833,4,130,ASCENDING,62726
SENTINEL1_SLC,S1A_IW_GRDH_1SDV_20260111T230743_20260111T230808_062726_07DD8F_AF9C,2026-01-11 23:07:43+00:00,2026-01-11 23:08:08+00:00,https://datapool.asf.alaska.edu/METADATA_GRD_HD/SA/S1A_IW_GRDH_1SDV_20260111T230743_20260111T230808_062726_07DD8F_AF9C.iso.xml,,S1A_IW_GRDH_1SDV_20260111T230743_20260111T230808_062726_07DD8F_AF9C.iso.xml,59056,4,130,ASCENDING,62726
SENTINEL1_SLC,S1A_IW_RAW__0SDV_20260123T230738_20260123T230810_062901_07E3E9_3D41,2026-01-23 23:07:38+00:00,2026-01-23 23:08:10+00:00,https://datapool.asf.alaska.edu/RAW/SA/S1A_IW_RAW__0SDV_20260123T230738_20260123T230810_062901_07E3E9_3D41.zip,,S1A_IW_RAW__0SDV_20260123T230738_20260123T230810_062901_07E3E9_3D41.zip,1567428561,4,130,ASCENDING,62901
SENTINEL1_SLC,S1A_IW_RAW__0SDV_20260123T230738_20260123T230810_062901_07E3E9_3D41,2026-01-23 23:07:38+00:00,2026-01-23 23:08:10+00:00,https://datapool.asf.alaska.edu/METADATA_RAW/SA/S1A_IW_RAW__0SDV_20260123T230738_20260123T230810_062901_07E3E9_3D41.iso.xml,,S1A_IW_RAW__0SDV_20260123T230738_20260123T230810_062901_07E3E9_3D41.iso.xml,41599,4,130,ASCENDING,62901
SENTINEL1_SLC,S1A_IW_SLC__1SDV_20260123T230740_20260123T230807_062901_07E3E9_FB98,2026-01-23 23:07:40+00:00,2026-01-23 23:08:07+00:00,https://datapool.asf.alaska.edu/SLC/SA/S1A_IW_SLC__1SDV_20260123T230740_20260123T230807_062901_07E3E9_FB98.zip,,S1A_IW_SLC__1SDV_20260123T230740_20260123T230807_062901_07E3E9_FB98.zip,4524375490,4,130,ASCENDING,62901
SENTINEL1_SLC,S1A_IW_SLC__1SDV_20260123T230740_20260123T230807_062901_07E3E9_FB98,2026-01-23 23:07:40+00:00,2026-01-23 23:08:07+00:00,https://datapool.asf.alaska.edu/METADATA_SLC/SA/S1A_IW_SLC__1SDV_20260123T230740_20260123T230807_062901_07E3E9_FB98.iso.xml,,S1A_IW_SLC__1SDV_20260123T230740_20260123T230807_062901_07E3E9_FB98.iso.xml,68095,4,130,ASCENDING,62901
SENTINEL1_SLC,S1A_IW_GRDH_1SDV_20260123T230741_20260123T230806_062901_07E3E9_8242,2026-01-23 23:07:41+00:00,2026-01-23 23:08:06+00:00,https://datapool.asf.alaska.edu/GRD_HD/SA/S1A_IW_GRDH_1SDV_20260123T230741_20260123T230806_062901_07E3E9_8242.zip,https://datapool.asf.alaska.edu/BROWSE/SA/S1A_IW_GRDH_1SDV_20260123T230741_20260123T230806_062901_07E3E9_8242.jpg,S1A_IW_GRDH_1SDV_20260123T230741_20260123T230806_062901_07E3E9_8242.zip,961601690,4,130,ASCENDING,62901
SENTINEL1_SLC,S1A_IW_GRDH_1SDV_20260123T230741_20260123T230806_062901_07E3E9_8242,2026-01-23 23:07:41+00:00,2026-01-23 23:08:06+00:00,https://datapool.asf.alaska.edu/METADATA_GRD_HD/SA/S1A_IW_GRDH_1SDV_20260123T230741_20260123T230806_062901_07E3E9_8242.iso.xml,,S1A_IW_GRDH_1SDV_20260123T230741_20260123T230806_062901_07E3E9_8242.iso.xml,59056,4,130,ASCENDING,62901
SENTINEL1_SLC,S1A_IW_RAW__0SDV_20260204T230738_20260204T230810_063076_07EA84_8FC4,2026-02-04 23:07:38+00:00,2026-02-04 23:08:10+00:00,https://datapool.asf.alaska.edu/METADATA_RAW/SA/S1A_IW_RAW__0SDV_20260204T230738_20260204T230810_063076_07EA84_8FC4.iso.xml,,S1A_IW_RAW__0SDV_20260204T230738_20260204T230810_063076_07EA84_8FC4.iso.xml,41599,4,130,ASCENDING,63076
SENTINEL1_SLC,S1A_IW_RAW__0SDV_20260204T230738_20260204T230810_063076_07EA84_8FC4,2026-02-04 23:07:38+00:00,2026-02-04 23:08:10+00:00,https://datapool.asf.alaska.edu/RAW/SA/S1A_IW_RAW__0SDV_20260204T230738_20260204T230810_063076_07EA84_8FC4.zip,,S1A_IW_RAW__0SDV_20260204T230738_20260204T230810_063076_07EA84_8FC4.zip,1568956483,4,130,ASCENDING,63076
SENTINEL1_SLC,S1A_IW_SLC__1SDV_20260204T230740_20260204T230807_063076_07EA84_E94A,2026-02-04 23:07:40+00:00,2026-02-04 23:08:07+00:00,https://datapool.asf.alaska.edu/METADATA_SLC/SA/S1A_IW_SLC__1SDV_20260204T230740_20260204T230807_063076_07EA84_E94A.iso.xml,,S1A_IW_SLC__1SDV_20260204T230740_20260204T230807_063076_07EA84_E94A.iso.xml,68096,4,130,ASCENDING,63076
SENTINEL1_SLC,S1A_IW_SLC__1SDV_20260204T230740_20260204T230807_063076_07EA84_E94A,2026-02-04 23:07:40+00:00,2026-02-04 23:08:07+00:00,https://datapool.asf.alaska.edu/SLC/SA/S1A_IW_SLC__1SDV_20260204T230740_20260204T230807_063076_07EA84_E94A.zip,,S1A_IW_SLC__1SDV_20260204T230740_20260204T230807_063076_07EA84_E94A.zip,4558544591,4,130,ASCENDING,63076
SENTINEL1_SLC,S1A_IW_GRDH_1SDV_20260204T230741_20260204T230806_063076_07EA84_35ED,2026-02-04 23:07:41+00:00,2026-02-04 23:08:06+00:00,https://datapool.asf.alaska.edu/GRD_HD/SA/S1A_IW_GRDH_1SDV_20260204T230741_20260204T230806_063076_07EA84_35ED.zip,https://datapool.asf.alaska.edu/BROWSE/SA/S1A_IW_GRDH_1SDV_20260204T230741_20260204T230806_063076_07EA84_35ED.jpg,S1A_IW_GRDH_1SDV_20260204T230741_20260204T230806_063076_07EA84_35ED.zip,969850131,4,130,ASCENDING,63076
SENTINEL1_SLC,S1A_IW_GRDH_1SDV_20260204T230741_20260204T230806_063076_07EA84_35ED,2026-02-04 23:07:41+00:00,2026-02-04 23:08:06+00:00,https://datapool.asf.alaska.edu/METADATA_GRD_HD/SA/S1A_IW_GRDH_1SDV_20260204T230741_20260204T230806_063076_07EA84_35ED.iso.xml,,S1A_IW_GRDH_1SDV_20260204T230741_20260204T230806_063076_07EA84_35ED.iso.xml,59056,4,130,ASCENDING,63076
SENTINEL1_SLC,S1A_IW_RAW__0SDV_20260216T230737_20260216T230809_063251_07F10F_C629,2026-02-16 23:07:37+00:00,2026-02-16 23:08:09+00:00,https://datapool.asf.alaska.edu/METADATA_RAW/SA/S1A_IW_RAW__0SDV_20260216T230737_20260216T230809_063251_07F10F_C629.iso.xml,,S1A_IW_RAW__0SDV_20260216T230737_20260216T230809_063251_07F10F_C629.iso.xml,41599,4,130,ASCENDING,63251
SENTINEL1_SLC,S1A_IW_RAW__0SDV_20260216T230737_20260216T230809_063251_07F10F_C629,2026-02-16 23:07:37+00:00,2026-02-16 23:08:09+00:00,https://datapool.asf.alaska.edu/RAW/SA/S1A_IW_RAW__0SDV_20260216T230737_20260216T230809_063251_07F10F_C629.zip,,S1A_IW_RAW__0SDV_20260216T230737_20260216T230809_063251_07F10F_C629.zip,1594738225,4,130,ASCENDING,63251
SENTINEL1_SLC,S1A_IW_SLC__1SDV_20260216T230739_20260216T230806_063251_07F10F_6FB0,2026-02-16 23:07:39+00:00,2026-02-16 23:08:06+00:00,https://datapool.asf.alaska.edu/METADATA_SLC/SA/S1A_IW_SLC__1SDV_20260216T230739_20260216T230806_063251_07F10F_6FB0.iso.xml,,S1A_IW_SLC__1SDV_20260216T230739_20260216T230806_063251_07F10F_6FB0.iso.xml,68094,4,130,ASCENDING,63251
SENTINEL1_SLC,S1A_IW_SLC__1SDV_20260216T230739_20260216T230806_063251_07F10F_6FB0,2026-02-16 23:07:39+00:00,2026-02-16 23:08:06+00:00,https://datapool.asf.alaska.edu/SLC/SA/S1A_IW_SLC__1SDV_20260216T230739_20260216T230806_063251_07F10F_6FB0.zip,,S1A_IW_SLC__1SDV_20260216T230739_20260216T230806_063251_07F10F_6FB0.zip,4702152497,4,130,ASCENDING,63251
SENTINEL1_SLC,S1A_IW_GRDH_1SDV_20260216T230741_20260216T230806_063251_07F10F_7CAD,2026-02-16 23:07:41+00:00,2026-02-16 23:08:06+00:00,https://datapool.asf.alaska.edu/GRD_HD/SA/S1A_IW_GRDH_1SDV_20260216T230741_20260216T230806_063251_07F10F_7CAD.zip,https://datapool.asf.alaska.edu/BROWSE/SA/S1A_IW_GRDH_1SDV_20260216T230741_20260216T230806_063251_07F10F_7CAD.jpg,S1A_IW_GRDH_1SDV_20260216T230741_20260216T230806_063251_07F10F_7CAD.zip,1010122634,4,130,ASCENDING,63251
SENTINEL1_SLC,S1A_IW_GRDH_1SDV_20260216T230741_20260216T230806_063251_07F10F_7CAD,2026-02-16 23:07:41+00:00,2026-02-16 23:08:06+00:00,https://datapool.asf.alaska.edu/METADATA_GRD_HD/SA/S1A_IW_GRDH_1SDV_20260216T230741_20260216T230806_063251_07F10F_7CAD.iso.xml,,S1A_IW_GRDH_1SDV_20260216T230741_20260216T230806_063251_07F10F_7CAD.iso.xml,59056,4,130,ASCENDING,63251
